-- phpMyAdmin SQL Dump
-- version 4.8.5
-- https://www.phpmyadmin.net/
--
-- 主机： localhost
-- 生成日期： 2020-12-28 15:39:05
-- 服务器版本： 5.7.26
-- PHP 版本： 7.3.4

SET SQL_MODE = "NO_AUTO_VALUE_ON_ZERO";
SET AUTOCOMMIT = 0;
START TRANSACTION;
SET time_zone = "+00:00";


/*!40101 SET @OLD_CHARACTER_SET_CLIENT=@@CHARACTER_SET_CLIENT */;
/*!40101 SET @OLD_CHARACTER_SET_RESULTS=@@CHARACTER_SET_RESULTS */;
/*!40101 SET @OLD_COLLATION_CONNECTION=@@COLLATION_CONNECTION */;
/*!40101 SET NAMES utf8mb4 */;

--
-- 数据库： `app`
--
CREATE DATABASE IF NOT EXISTS `app` DEFAULT CHARACTER SET utf8 COLLATE utf8_unicode_ci;
USE `app`;

-- --------------------------------------------------------

--
-- 表的结构 `private_text`
--

CREATE TABLE `private_text` (
  `id` int(11) DEFAULT NULL,
  `from_userid` int(11) DEFAULT NULL,
  `to_userid` int(11) DEFAULT NULL,
  `time` int(11) DEFAULT NULL,
  `massage` text COLLATE utf8_unicode_ci
) ENGINE=MyISAM DEFAULT CHARSET=utf8 COLLATE=utf8_unicode_ci;

-- --------------------------------------------------------

--
-- 表的结构 `public_text`
--

CREATE TABLE `public_text` (
  `id` int(11) NOT NULL,
  `from_userid` int(11) DEFAULT NULL,
  `from_name` varchar(30) COLLATE utf8_unicode_ci DEFAULT NULL,
  `time` varchar(30) COLLATE utf8_unicode_ci DEFAULT NULL,
  `massage` text COLLATE utf8_unicode_ci
) ENGINE=MyISAM DEFAULT CHARSET=utf8 COLLATE=utf8_unicode_ci;

--
-- 转存表中的数据 `public_text`
--

INSERT INTO `public_text` (`id`, `from_userid`, `from_name`, `time`, `massage`) VALUES
(1, 6, '123', '2020-10-26 11:57:15', '456'),
(2, 6, '123', '2020-10-26 12:11:27', '7777'),
(3, 7, '测试人员', '2020-10-26 12:12:41', 'whta?'),
(4, 7, '测试人员', '2020-10-26 12:20:09', 'dd'),
(5, 6, '123', '2020-10-26 12:21:07', '123123');

-- --------------------------------------------------------

--
-- 表的结构 `user`
--

CREATE TABLE `user` (
  `userid` int(11) NOT NULL,
  `username` varchar(20) COLLATE utf8_unicode_ci DEFAULT NULL,
  `password` varchar(150) COLLATE utf8_unicode_ci DEFAULT NULL,
  `is_admin` int(11) DEFAULT NULL
) ENGINE=MyISAM DEFAULT CHARSET=utf8 COLLATE=utf8_unicode_ci;

--
-- 转存表中的数据 `user`
--

INSERT INTO `user` (`userid`, `username`, `password`, `is_admin`) VALUES
(1, 'admin', 'pbkdf2:sha256:150000$L5VIK6xs$dbcec8f400525d960da56e593bc8fef5ac3fea71ba4c0d461b217b58ee166def', NULL),
(2, 'diego', 'pbkdf2:sha256:150000$jojTnaq2$42c6fa2daf53db42f5a0dfaf6b679ac4e6483b7b249242b30d745e488577c3cb', NULL),
(3, 'double', 'pbkdf2:sha256:150000$2ZYNDoe6$e89cd26d406a627e1dd29f238b3e938e4252f8a8f88e9deb055607cb3dc05db3', NULL),
(4, 'lxl', 'pbkdf2:sha256:150000$CU2x8gZh$c2453006218fe644e9bec1b614e1679b2fb487da015a8588a5c79e447284af4a', NULL),
(5, 'test', 'pbkdf2:sha256:150000$NkCKRpXE$dcd63b5bf6444bcf8d1ce6b881399edf30dcc8e4059ce81a9459c430ff8fed9b', NULL),
(6, '123', 'pbkdf2:sha256:150000$Hovrpb1R$9edf80e395c2c8b9920c95141eb1247304a5c0242b6c96e6753bd827bad6de63', NULL),
(7, '测试人员', 'pbkdf2:sha256:150000$mZwU0Jp8$ff0949f6d248daace76d3582a51752aa56c44f023d42658171e4edb9c1c0b365', NULL),
(8, '陈璐', 'pbkdf2:sha256:150000$Pe0mezNX$2c5d0e2071692047307107ef8e02b3df992b4bb49a16424f8a8a9e2271c528ab', NULL);

-- --------------------------------------------------------

--
-- 表的结构 `user_massage`
--

CREATE TABLE `user_massage` (
  `userid` int(11) DEFAULT NULL,
  `real_name` varchar(20) COLLATE utf8_unicode_ci DEFAULT NULL,
  `sex` varchar(10) COLLATE utf8_unicode_ci DEFAULT NULL,
  `location` varchar(50) COLLATE utf8_unicode_ci DEFAULT NULL,
  `phone` varchar(11) COLLATE utf8_unicode_ci DEFAULT NULL,
  `email` varchar(30) COLLATE utf8_unicode_ci DEFAULT NULL
) ENGINE=MyISAM DEFAULT CHARSET=utf8 COLLATE=utf8_unicode_ci;

--
-- 转存表中的数据 `user_massage`
--

INSERT INTO `user_massage` (`userid`, `real_name`, `sex`, `location`, `phone`, `email`) VALUES
(1, NULL, NULL, NULL, NULL, NULL),
(2, NULL, NULL, NULL, NULL, NULL),
(3, NULL, NULL, NULL, NULL, NULL),
(4, NULL, NULL, NULL, NULL, NULL),
(5, NULL, NULL, NULL, NULL, NULL),
(6, NULL, NULL, NULL, NULL, NULL),
(7, NULL, NULL, NULL, NULL, NULL),
(8, NULL, NULL, NULL, NULL, NULL);

-- --------------------------------------------------------

--
-- 表的结构 `user_tou`
--

CREATE TABLE `user_tou` (
  `userid` int(11) DEFAULT NULL,
  `address` varchar(70) COLLATE utf8_unicode_ci DEFAULT NULL
) ENGINE=MyISAM DEFAULT CHARSET=utf8 COLLATE=utf8_unicode_ci;

--
-- 转存表中的数据 `user_tou`
--

INSERT INTO `user_tou` (`userid`, `address`) VALUES
(1, '/up_file_tou/images/mmmmmmmmmmmm.jpg'),
(2, '/up_file_tou/images/f68f35625d820b2f0d73d557ede6a629.png'),
(3, '/up_file_tou/images/d4c4b79ab5e2f76bbca046d08d5e68ff.png'),
(4, '/up_file_tou/images/a270c53b8f8f327437f2d6547ef5ca97.png'),
(5, '/up_file_tou/images/mmmmmmmmmmmm.jpg'),
(6, '/up_file_tou/images/mmmmmmmmmmmm.jpg'),
(7, '/up_file_tou/images/5c92c57605352aba0b22e6ba4bb9245b.png'),
(8, '/up_file_tou/images/mmmmmmmmmmmm.jpg');

-- --------------------------------------------------------

--
-- 表的结构 `user_write_text`
--

CREATE TABLE `user_write_text` (
  `id` int(11) NOT NULL,
  `userid` int(11) DEFAULT NULL,
  `text` text COLLATE utf8_unicode_ci,
  `time` varchar(30) COLLATE utf8_unicode_ci DEFAULT NULL,
  `title` varchar(30) COLLATE utf8_unicode_ci DEFAULT NULL
) ENGINE=MyISAM DEFAULT CHARSET=utf8 COLLATE=utf8_unicode_ci;

--
-- 转存表中的数据 `user_write_text`
--

INSERT INTO `user_write_text` (`id`, `userid`, `text`, `time`, `title`) VALUES
(1, 7, '456', '2020-10-26 12:24:57', '123');

--
-- 转储表的索引
--

--
-- 表的索引 `public_text`
--
ALTER TABLE `public_text`
  ADD PRIMARY KEY (`id`);

--
-- 表的索引 `user`
--
ALTER TABLE `user`
  ADD PRIMARY KEY (`userid`);

--
-- 表的索引 `user_write_text`
--
ALTER TABLE `user_write_text`
  ADD PRIMARY KEY (`id`);

--
-- 在导出的表使用AUTO_INCREMENT
--

--
-- 使用表AUTO_INCREMENT `public_text`
--
ALTER TABLE `public_text`
  MODIFY `id` int(11) NOT NULL AUTO_INCREMENT, AUTO_INCREMENT=6;

--
-- 使用表AUTO_INCREMENT `user`
--
ALTER TABLE `user`
  MODIFY `userid` int(11) NOT NULL AUTO_INCREMENT, AUTO_INCREMENT=9;

--
-- 使用表AUTO_INCREMENT `user_write_text`
--
ALTER TABLE `user_write_text`
  MODIFY `id` int(11) NOT NULL AUTO_INCREMENT, AUTO_INCREMENT=2;
--
-- 数据库： `java_web`
--
CREATE DATABASE IF NOT EXISTS `java_web` DEFAULT CHARACTER SET utf8 COLLATE utf8_unicode_ci;
USE `java_web`;

-- --------------------------------------------------------

--
-- 表的结构 `ti_ku`
--

CREATE TABLE `ti_ku` (
  `id` int(11) NOT NULL,
  `type` int(11) DEFAULT NULL,
  `problem` text COLLATE utf8_unicode_ci,
  `options` text COLLATE utf8_unicode_ci,
  `answer` text COLLATE utf8_unicode_ci
) ENGINE=MyISAM DEFAULT CHARSET=utf8 COLLATE=utf8_unicode_ci;

--
-- 转存表中的数据 `ti_ku`
--

INSERT INTO `ti_ku` (`id`, `type`, `problem`, `options`, `answer`) VALUES
(9337, 4, '次生环境问题主要有（ ）。', '{\"A\":\"土地荒漠化\",\"B\":\"泥石流\",\"C\":\"火山喷发\",\"D\":\"臭氧层破坏\"}', '泥石流;'),
(9338, 4, '工业文明时期的环境问题主要是（ ）。', '{\"A\":\"水土流失\",\"B\":\"资源缺乏\",\"C\":\"生态破坏\",\"D\":\"“三废”污染\"}', '“三废”污染'),
(9339, 4, '1962，美国海洋生物学家Rachel Carson发表（ ）一书，成为促使环境保护事业在美国和全世界迅速发展的导火线。', '{\"A\":\"《我们共同的未来》\",\"B\":\"《寂静的春天》\",\"C\":\"《增长的极限》\",\"D\":\"《人类环境宣言》\"}', '《寂静的春天》'),
(9340, 4, '由于环境是对应于特定主体而言的，特定主体有巨细之分，因此环境也有大小之别。', '{\"A\":\"错\",\"B\":\"对\"}', '对'),
(9341, 4, '环境问题按其后果可分为原生环境问题和次生环境问题两类。', '{\"A\":\"对\",\"B\":\"错\"}', '错'),
(9342, 4, '在某些地区，环境问题可能是以生态破坏或污染某一类问题为主，但在更多的地区却是两类问题并存。', '{\"A\":\"错\",\"B\":\"对\"}', '对'),
(9343, 4, '原始文明时期，人类以采集和猎获天然动', '{\"A\":\"错\",\"B\":\"对\"}', '错'),
(9344, 4, '公害是指使人或生态系统健康受到损害的重大污染事件。', '{\"A\":\"错\",\"B\":\"对\"}', '对'),
(9345, 4, ' 美国历史学家林怀特认为是宗教鼓励人口增长和人对自然的贪欲导致了环境问题产生。', '{\"A\":\"错\",\"B\":\"对\"}', '对'),
(9346, 4, '逆温层有利于空气污染物扩散。', '{\"A\":\"对\",\"B\":\"错\"}', '对'),
(9347, 4, '下列属于二次污染物的有。', '{\"A\":\"CO\",\"B\":\"臭氧\",\"C\":\"SO2\",\"D\":\"甲醛\"}', '臭氧;'),
(9348, 4, '酸雨中含有多种无机酸和有机酸，绝大部分是硫酸和硝酸。', '{\"A\":\"错\",\"B\":\"对\"}', '对'),
(9349, 4, '酸雨指pH值小于的酸性降水。', '{\"A\":\"5.65\",\"B\":\"4.6\",\"C\":\"5.1\",\"D\":\"4.3\"}', '5.65'),
(9350, 4, '温室气体有哪些。', '{\"A\":\"甲烷\",\"B\":\"一氧化碳\",\"C\":\"CO2\",\"D\":\"氟氯烃及臭氧\"}', '甲烷;'),
(9351, 4, '温室效应会引起冰川融化', '{\"A\":\"对\",\"B\":\"错\"}', '对'),
(9352, 4, '下列措施有助于控制温室效应。', '{\"A\":\"发展风能等\",\"B\":\"发展水能等\",\"C\":\"发展核电\",\"D\":\"天然气替代煤炭\"}', '发展风能等;'),
(9353, 4, '从目前看，建立国际间和各国的臭氧层保护法律约束机制，控制破坏臭氧层物质的排放，臭氧层破坏有所缓解，空洞在慢慢修复。', '{\"A\":\"错\",\"B\":\"对\"}', '对'),
(9354, 4, '破坏臭氧的污染物主要有', '{\"A\":\"二氧化硫\",\"B\":\"一氧化碳\",\"C\":\"氯氟烃\",\"D\":\"氮氧化物\"}', '氯氟烃;'),
(9355, 4, '人工湿地类型，按照进出水及布水方式的不同可以分为（ ）。', '{\"A\":\"潮汐流人工湿地\",\"B\":\"一般型人工湿地\",\"C\":\"潜流人工湿地\",\"D\":\"表面流人工湿地\"}', '潮汐流人工湿地;'),
(9356, 4, '下列不属于自然因素造成的水体污染的是（ ）。', '{\"A\":\"水流冲蚀地面\",\"B\":\"降水淋洗大气降尘\",\"C\":\"火山喷发\",\"D\":\"降雨淋洗大气污染物\"}', '降雨淋洗大气污染物'),
(9357, 4, '《地表水环境质量标准》GB3838-2002中，Ⅲ类水主要适用于（ ）。', '{\"A\":\"农业用水区及一般景观要求水域\",\"B\":\"一般工业用水区及人体非直接接触的娱乐用水区\",\"C\":\"集中式生活饮用水地表水源地一级保护区、珍稀水生生物栖息地、鱼虾类产卵场、仔幼鱼的索饵场等\",\"D\":\"集中式生活饮用水地表水源地二级保护区、鱼虾类越冬场、洄游通道、水产养殖区等渔业水域及游泳区\"}', '集中式生活饮用水地表水源地二级保护区、鱼虾类越冬场、洄游通道、水产养殖区等渔业水域及游泳区'),
(9358, 4, '选择（ ）的植物能更加有效地对富集重金属和有毒有害物质废水进行净化。', '{\"A\":\"观赏度高\",\"B\":\"生长期长\",\"C\":\"茎叶发达\",\"D\":\"根系发达\"}', '根系发达'),
(9359, 4, '改良人工湿地技术中，选择新型的填料是为了（ ）。', '{\"A\":\"提高湿地系统的综合效益\",\"B\":\"防止填料的堵塞\",\"C\":\"确保长期的除磷效果\",\"D\":\"增加湿地美观程度\"}', '确保长期的除磷效果'),
(9360, 4, '下列对于人工湿地污水处理系统描述不准确的是（ ）。', '{\"A\":\"可以获得污水处理与资源化的最佳效益\",\"B\":\"对于废水中污染物处理效果最佳\",\"C\":\"可以防止环境的再污染\",\"D\":\"具有较高的环境效益\"}', '对于废水中污染物处理效果最佳'),
(9361, 4, '水体中的藻类本来以硅藻和绿藻为主，蓝藻的大量出现是富营养化的征兆。', '{\"A\":\"错\",\"B\":\"对\"}', '对'),
(9362, 4, '已发生富营养化的水体，当切断外界营养物质的来源时，水体可以在一定时间段后自净', '{\"A\":\"错\",\"B\":\"对\"}', '错'),
(9363, 4, '下列说法不正确的是（ ）', '{\"A\":\"重金属或其他有毒有害物质含量超标的工业固体废物、生活垃圾或者污染土壤可用于土地复垦\",\"B\":\"建设和运行污水集中处理设施、固体废物处置设施，应当采取措施防止土壤污染\",\"C\":\"禁止向农用地排放重金属或其他有毒有害物质含量超标的污水、污泥，以及可能造成土壤污染的清淤底泥、尾矿、矿渣等\",\"D\":\"禁止生产、销售、使用国家命令禁止的农业投入品\"}', '重金属或其他有毒有害物质含量超标的工业固体废物、生活垃圾或者污染土壤可用于土地复垦'),
(9364, 4, '关于土壤污染的说法正确的是（ ）。', '{\"A\":\"土壤污染具有很强的地域性\",\"B\":\"土壤污染不会影响周边的地表水和地下水\",\"C\":\"土壤污染的治理和修复难度大\",\"D\":\"土壤污染不会对植物产生危害\"}', '土壤污染具有很强的地域性;'),
(9365, 4, '构成土壤污染的要素由哪些（ ）', '{\"A\":\"有现存（直接显露）或潜在（通过转化）的危害后果\",\"B\":\"有可观察的土壤形态、颜色等的变化\",\"C\":\"有可识别的人为污染物\",\"D\":\"有可鉴别的污染物数量的增加\"}', '有现存（直接显露）或潜在（通过转化）的危害后果;'),
(9366, 4, '土壤污染的来源有哪些（ ）', '{\"A\":\"污水灌溉\",\"B\":\"固体废弃物\",\"C\":\"大气沉降\",\"D\":\"农业污染\"}', '污水灌溉;'),
(9367, 4, '目前常用的污染土壤修复技术包括（ ）等。', '{\"A\":\"物理- 化学修复技术\",\"B\":\"联合修复技术\",\"C\":\"生物修复技术\",\"D\":\"工程修复技术\"}', '物理- 化学修复技术;'),
(9368, 4, '热处理修复技术适用于处理土壤中哪些物质（ ）？', '{\"A\":\"不易挥发的污染物\",\"B\":\"放射性污染物\",\"C\":\"挥发性有机污染物\",\"D\":\"半挥发性有机污染物\"}', '挥发性有机污染物;'),
(9369, 4, '以下属于土壤污染物的是（ ）', '{\"A\":\"农药\",\"B\":\"微塑料\",\"C\":\"重金属\",\"D\":\"腐殖质\"}', '农药;'),
(9370, 4, '大气中的放射性沉降会造成土壤放射性污染。', '{\"A\":\"错\",\"B\":\"对\"}', '对'),
(9371, 4, '污染物在土壤中的半衰期一般较长，不易稀释和扩散，具有累积性。', '{\"A\":\"错\",\"B\":\"对\"}', '对'),
(9372, 4, '不属于持久性有机污染物“三致”效应的是', '{\"A\":\"致死\",\"B\":\"致癌\",\"C\":\"致畸\",\"D\":\"致突变\"}', '致死'),
(9373, 4, '艾氏剂通常被用作（ ）', '{\"A\":\"杀虫剂\",\"B\":\"其余均不是\",\"C\":\"可塑剂\",\"D\":\"防治疟疾的药物\"}', '杀虫剂'),
(9374, 4, '属于持久性污染物重要特征的是', '{\"A\":\"生物蓄积性\",\"B\":\"长期残留性\",\"C\":\"半挥发性\",\"D\":\"高毒性\"}', '生物蓄积性;'),
(9375, 4, '以下关于持久性有机污染物的危害说法正确的是（ ）', '{\"A\":\"某些持久性有机污染物会引起肝脏肿大\",\"B\":\"某些持久性有机污染物会引起婴儿和胎儿的发育不良\",\"C\":\"某些持久性有机污染物具有致癌性\",\"D\":\"某些持久性有机污染物会影响体内激素水平\"}', '某些持久性有机污染物会引起肝脏肿大;'),
(9376, 4, '生物修复技术包括', '{\"A\":\"植物修复\",\"B\":\"微生物修复\",\"C\":\"动物修复\",\"D\":\"酶修复\"}', '植物修复;'),
(9377, 4, '在化学修复中属于高级氧化法的有', '{\"A\":\"芬顿氧化法\",\"B\":\"电化学降解法\",\"C\":\"超临界水氧化法\",\"D\":\"超临界萃取法\"}', '芬顿氧化法;'),
(9378, 4, '在我国，用蚯蚓进行生物修复比较常见', '{\"A\":\"错\",\"B\":\"对\"}', '错'),
(9379, 4, '持久性有机污染物由于其挥发性的特征，使其在全球范围内不同地区都有可能检出', '{\"A\":\"对\",\"B\":\"错\"}', '对'),
(9380, 4, '酶生物修复技术是直接利用某些特定的酶固化有机农药污染物等污染物的方法', '{\"A\":\"对\",\"B\":\"错\"}', '错'),
(9381, 4, '溅蚀主要是通过雨滴对地表产生的冲击，从而（ ）使土壤颗粒发生迁移', '{\"A\":\"促进岩石风化\",\"B\":\"减少土壤养分\",\"C\":\"破坏土壤结构\",\"D\":\"破坏表层枯落物\"}', '破坏土壤结构'),
(9382, 4, '在平原地区，为保证农业的生产效益而营造的农田防护林，其主要作用是减少（ ）造成的土壤流失。', '{\"A\":\"水蚀\",\"B\":\"重力侵蚀\",\"C\":\"风蚀\",\"D\":\"人类活动\"}', '风蚀'),
(9383, 4, '水土流失产生的原因有（ ）', '{\"A\":\"环境因素\",\"B\":\"人为因素\",\"C\":\"自然因素\",\"D\":\"生态因素\"}', '人为因素;'),
(9384, 4, '耕作措施是通过（ ）等方法，保土蓄水，改良土壤，以提高农业生产的技术措施。', '{\"A\":\"改变坡面微小地形\",\"B\":\"深耕、翻耕\",\"C\":\"增加植被覆盖\",\"D\":\"增强土壤有机质抗蚀力\"}', '改变坡面微小地形;'),
(9385, 4, '水土保持工程措施主要分为（ ）', '{\"A\":\"治河工程\",\"B\":\"治沟工程\",\"C\":\"小型水利工程\",\"D\":\"治坡工程\"}', '治沟工程;'),
(9386, 4, '造成崩塌', '{\"A\":\"对\",\"B\":\"错\"}', '错'),
(9387, 4, '城市水土流失是城市化建设过程中建设用地开发', '{\"A\":\"对\",\"B\":\"错\"}', '对'),
(9388, 4, '土层较为深厚的黄土地区，地表径流以膜状形态与土体混合，在地表均匀损失的过程称为层状面蚀。', '{\"A\":\"对\",\"B\":\"错\"}', '对'),
(9389, 4, '山水林田湖草是一个生命共同体,对山上山下', '{\"A\":\"对\",\"B\":\"错\"}', '对'),
(9390, 4, '下列因素中，属于土壤退化自然因素的有（ ）。', '{\"A\":\"气候\",\"B\":\"地形\",\"C\":\"火山爆发\",\"D\":\"水文\"}', '气候;'),
(9391, 4, '土壤的退化对农业的影响包括（ ）。', '{\"A\":\"放牧数量\",\"B\":\"放牧种类\",\"C\":\"作物品质\",\"D\":\"对作物产量\"}', '作物品质;'),
(9392, 4, '土壤酸化主要分布在（ ）。', '{\"A\":\"亚洲\",\"B\":\"南美洲\",\"C\":\"非洲\",\"D\":\"北美洲\"}', '亚洲'),
(9393, 4, '人为建造大坝截流会导致（ ）。', '{\"A\":\"其余选项都不对\",\"B\":\"土壤含水率增高\",\"C\":\"引起上游土壤的盐渍化\",\"D\":\"引起下游土壤的荒漠化\"}', '引起上游土壤的盐渍化;'),
(9394, 4, '土壤退化会造成以下灾害（ ）。', '{\"A\":\"旱灾\",\"B\":\"滑坡\",\"C\":\"水体富营养化\",\"D\":\"泥石流\"}', '旱灾;'),
(9395, 4, '化学退化的实质是土壤中化学组分的失衡，在我国主要表现为北酸南碱。', '{\"A\":\"对\",\"B\":\"错\"}', '错'),
(9396, 4, '超采地下水不会引起土壤退化。', '{\"A\":\"错\",\"B\":\"对\"}', '错'),
(9397, 4, '在干早地区,免耕措施情况下,氮肥能使表土层严重酸化,并破坏其渗透性。', '{\"A\":\"对\",\"B\":\"错\"}', '对'),
(9398, 4, '尽管土壤退化恢复非常困难,而且需要的时间长，但其生态影响是短期的。', '{\"A\":\"错\",\"B\":\"对\"}', '错'),
(9399, 4, '外来入侵物种是指（ ）', '{\"A\":\"一般指从一个国家进入另一个国家或从一个自然生态系统进入另一个自然生态系统，在自然、半自然生态系统或生境中建立种群并影响、威胁及破坏到本地生物多样性的外来物种\",\"B\":\"本地区的有害物种\",\"C\":\"从一个地区进入另一个地区的物种\",\"D\":\"从一个国家进入另一个国家的物种\"}', '一般指从一个国家进入另一个国家或从一个自然生态系统进入另一个自然生态系统，在自然、半自然生态系统或生境中建立种群并影响、威胁及破坏到本地生物多样性的外来物种'),
(9400, 4, '关于生物多样性的保护，正确的是（ ）', '{\"A\":\"自然保护区的功能是接纳各地迁移和捕来的野生动物并加以保护\",\"B\":\"为控制凤眼莲（水葫芦）在我国造成的严重灾害，应将其天敌引入我国\",\"C\":\"对于珍稀濒危物种，禁止一切形式的猎采和买卖\",\"D\":\"为保护草场，较少沙化，要杀死所有危害草原的黄鼠\"}', '对于珍稀濒危物种，禁止一切形式的猎采和买卖'),
(9401, 4, '生物多样性主要包括（ ）等不同层次。', '{\"A\":\"生态系统多样性\",\"B\":\"景观多样性\",\"C\":\"遗传（基因）多样性\",\"D\":\"物种多样性\"}', '生态系统多样性;'),
(9402, 4, '生物多样性的价值可以体现在（ ）', '{\"A\":\"科学、教育、文化价值\",\"B\":\"生态价值\",\"C\":\"经济、社会价值\",\"D\":\"娱乐和美学价值等\"}', '科学、教育、文化价值;'),
(9403, 4, '生物多样性破坏除自然变化外，其主要原因在于（ ）', '{\"A\":\"全球气候变化\",\"B\":\"对自然资源不断增加的需求和滥捕乱猎、掠夺式的过度捕杀利用\",\"C\":\"外来入侵物种\",\"D\":\"生境丧失和破碎化\"}', '全球气候变化;'),
(9404, 4, '生物多样性破坏的危害体现在（ ）等方面。', '{\"A\":\"土壤肥力以及水质等遭到破坏\",\"B\":\"影响食物来源和工农业资源\",\"C\":\"植被生长过于繁茂\",\"D\":\"影响自然界生态平衡\"}', '土壤肥力以及水质等遭到破坏;'),
(9405, 4, '中国是世界上生物多样性最丰富的国家之一。', '{\"A\":\"对\",\"B\":\"错\"}', '对'),
(9406, 4, '保护生物多样性就是保护人类自己，必须加强民众教育，发动公众广泛参与。', '{\"A\":\"错\",\"B\":\"对\"}', '对'),
(9407, 4, '为保护某些濒危野生动物，把它们从栖息环境中转移到濒危繁育中心等地，进行特殊的保护和繁殖管理，然后向已经灭绝的原有分布区实施“再引入”，以恢复野生种群，这种措施为就地保护。', '{\"A\":\"对\",\"B\":\"错\"}', '错'),
(9408, 4, '生态学中的生态对策包括（ ）。', '{\"A\":\"r对策\",\"B\":\"S对策\",\"C\":\"其余选项都不对\",\"D\":\"K对策\"}', 'r对策;'),
(9409, 4, '习近平总书记于（ ）年提出新时代生态文明建设必须遵循的六项重要原则。', '{\"A\":\"2018\",\"B\":\"2016\",\"C\":\"2017\",\"D\":\"2019\"}', '2018'),
(9410, 4, '下列属于生态文明建设的原则包括（ ）', '{\"A\":\"绿水青山就是金山银山\",\"B\":\"坚持人与自然和谐共生\",\"C\":\"共谋全球生态文明建设\",\"D\":\"山水林田湖草是生命共同体\"}', '绿水青山就是金山银山;'),
(9411, 4, '中国在‘国家自主贡献’中提出将于（ ）年左右使二氧化碳排放达到峰值。', '{\"A\":\"2025\",\"B\":\"2035\",\"C\":\"2050\",\"D\":\"2030\"}', '2030'),
(9412, 4, '如何建设生态文明（ ）？', '{\"A\":\"借鉴发达国家的成功经验\",\"B\":\"政府大力支持，完善法律制度\",\"C\":\"加强生态经济产业的发展\",\"D\":\"树立人与自然协调发展观念\"}', '借鉴发达国家的成功经验;'),
(9413, 4, '习近平在（ ）首次提出“绿水青山就是金山银山”的科学论断？', '{\"A\":\"安徽黄山\",\"B\":\"浙江绍兴\",\"C\":\"江西吉安\",\"D\":\"浙江安吉\"}', '浙江安吉'),
(9414, 4, '在习近平同志生态文明思想的指引下，走好新时代生态文明建设之路，确保（ ）年生态环境质量实现根本好转，美丽中国目标基本实现。', '{\"A\":\"2022\",\"B\":\"2025\",\"C\":\"2035\",\"D\":\"2030\"}', '2035'),
(9415, 4, '文明作为文化的内在价值，文化则是文明的外在表现形式。', '{\"A\":\"错\",\"B\":\"对\"}', '对'),
(9416, 4, '生物多样性水平越高，物种越多，生态系统的稳定性越强。', '{\"A\":\"错\",\"B\":\"对\"}', '对'),
(9417, 4, '使用过的保鲜膜属于（ ），应放入（ ）。', '{\"A\":\"可回收物，蓝色垃圾桶\",\"B\":\"厨余垃圾，红色垃圾桶\",\"C\":\"其他垃圾，黑色垃圾桶\",\"D\":\"有害垃圾，红色垃圾桶\"}', '其他垃圾，黑色垃圾桶'),
(9418, 4, '牛奶等食品包装盒属于（ ）。', '{\"A\":\"其他垃圾\",\"B\":\"可回收垃圾\",\"C\":\"厨余垃圾\",\"D\":\"可焚烧垃圾\"}', '可回收垃圾'),
(9419, 4, '（ ）年底前全国地级及以上城市将基本建成垃圾分类处理系统。', '{\"A\":\"2021\",\"B\":\"2030\",\"C\":\"2022\",\"D\":\"2025\"}', '2022'),
(9420, 4, '德国将垃圾主要分为（ ）。', '{\"A\":\"生活垃圾\",\"B\":\"建筑垃圾\",\"C\":\"特种垃圾\",\"D\":\"大件垃圾\"}', '生活垃圾;'),
(9421, 4, '下列属于其他垃圾的是（ ）。', '{\"A\":\"卫生间废纸\",\"B\":\"荧光灯管\",\"C\":\"灰土\",\"D\":\"织物\"}', '卫生间废纸;'),
(9422, 4, '下列说法正确的是（ ）。', '{\"A\":\"酸奶塑料杯需要洗净后才可投放入可回收物垃圾箱\",\"B\":\"在外就餐，剩菜要打包带走\",\"C\":\"话梅核、坚果核等可投入厨余垃圾桶\",\"D\":\"绘画用的颜色可投放入有毒有害垃圾桶\"}', '酸奶塑料杯需要洗净后才可投放入可回收物垃圾箱;'),
(9423, 4, '垃圾分类是指按一定规定或标准将垃圾分类储存', '{\"A\":\"错\",\"B\":\"对\"}', '对'),
(9424, 4, '纸巾', '{\"A\":\"错\",\"B\":\"对\"}', '错'),
(9425, 4, '城市垃圾在不完全燃烧时能产生一种致癌物质，这种致癌物质为二噁英。', '{\"A\":\"错\",\"B\":\"对\"}', '对'),
(9426, 4, '创造了新的地质学术语——人类世的是（ ）。', '{\"A\":\"罗马俱乐部\",\"B\":\"雷切尔\",\"C\":\"达尔文\",\"D\":\"保罗·克鲁岑\"}', '保罗·克鲁岑'),
(9427, 4, '可持续发展的内涵包括（ ）。', '{\"A\":\"社会可持续发展\",\"B\":\"生态可持续发展\",\"C\":\"文明可持续发展\",\"D\":\"经济可持续发展\"}', '社会可持续发展;'),
(9428, 4, '可持续发展要遵循的基本原则有（ ）。', '{\"A\":\"持续性原则\",\"B\":\"平衡性原则\",\"C\":\"共同性原则\",\"D\":\"公平性原则\"}', '持续性原则;'),
(9429, 4, '2002年，中共（ ）把“可持续发展能力不断增强”作为全面建设小康社会的目标之一。', '{\"A\":\"中共十七大\",\"B\":\"中共十八大\",\"C\":\"中共十五大\",\"D\":\"中共十六大\"}', '中共十六大'),
(9430, 4, '人类世是指人类主导地球的历史。', '{\"A\":\"错\",\"B\":\"对\"}', '对'),
(9431, 4, '人类已经成为影响全球生态环境最重要的生物力量，人类活动长期积累的后果最集中体现在全球变化上。', '{\"A\":\"错\",\"B\":\"对\"}', '对'),
(9432, 4, '可持续发展是一种新的发展观', '{\"A\":\"对\",\"B\":\"错\"}', '对'),
(9433, 4, '可持续发展的基础是经济持续发展。', '{\"A\":\"错\",\"B\":\"对\"}', '错'),
(9434, 4, '既满足当代人的需求，又不对后代人满足其自身需求的能力构成危害的发展就是可持续发展。', '{\"A\":\"对\",\"B\":\"错\"}', '对'),
(9435, 4, ' 《伤寒杂病论》成书年代是', '{\"A\":\"春秋时代\",\"B\":\"西汉末年\",\"C\":\"战国时代\",\"D\":\"晋代\",\"E\":\"东汉末年\"}', '东汉末年'),
(9436, 4, ' 《伤寒杂病论》的作者是', '{\"A\":\"王叔和\",\"B\":\"成无己\",\"C\":\"张机\",\"D\":\"林亿\",\"E\":\"华佗\"}', '张机'),
(9437, 4, ' 首次注解《伤寒论》的是', '{\"A\":\"孙思邈\",\"B\":\"王叔和\",\"C\":\"成无己\",\"D\":\"林亿\",\"E\":\"柯韵伯\"}', '成无己'),
(9438, 4, ' 下列哪一种是对《伤寒论》中广义伤寒概念的正确论述', '{\"A\":\"以发热为主要症状的疾病\",\"B\":\"一切外感热病的总称\",\"C\":\"感受寒邪，感而即发的疾病\",\"D\":\"以恶寒、发热、头痛、无汗为主要临床表现的证候\",\"E\":\"由伤寒杆菌引起的疾病\"}', '一切外感热病的总称'),
(9439, 4, ' 《伤寒论》共载方多少首', '{\"A\":\"109方\",\"B\":\"224方\",\"C\":\"118方\",\"D\":\"113方\",\"E\":\"204方\"}', '113方'),
(9440, 4, ' 按照治法分类研究《伤寒论》的著作是', '{\"A\":\"《伤寒论条辨》\",\"B\":\"《伤寒来苏集》\",\"C\":\"《伤寒贯珠集》\",\"D\":\"《伤寒论纲目》\",\"E\":\"《伤寒微旨论》\"}', '《伤寒贯珠集》'),
(9441, 4, ' 《伤寒发微论》的作者是', '{\"A\":\"许叔微\",\"B\":\"王叔和\",\"C\":\"庞安时\",\"D\":\"成无己\",\"E\":\"王肯堂\"}', '许叔微'),
(9442, 4, ' 据《难经》原文，广义伤寒包括', '{\"A\":\"中风\",\"B\":\"伤寒\",\"C\":\"湿温\",\"D\":\"热病\",\"E\":\"温病\"}', '中风;'),
(9443, 4, ' 关于《伤寒论》一书，正确的说法有', '{\"A\":\"是一部以外感病为主论述疾病辨证论治的医书\",\"B\":\"是现存最早的一部理法方药一线相贯的医学著作\",\"C\":\"创立了六经辨证体系\",\"D\":\"作者为张机\",\"E\":\"约成书于东汉末年\"}', '是一部以外感病为主论述疾病辨证论治的医书;'),
(9444, 4, ' 下列哪几项属于六经辨证的基本治则', '{\"A\":\"扶正祛邪\",\"B\":\"调整阴阳\",\"C\":\"标本缓急\",\"D\":\"表里先后\",\"E\":\"病差防复\"}', '扶正祛邪;'),
(9445, 4, ' 桂枝加附子汤证之阴阳俱虚,仲景之法是：（ ）', '{\"A\":\"阴阳双补\",\"B\":\"扶阳以固阴\",\"C\":\"健中调阴阳\",\"D\":\"解表以护正\"}', '扶阳以固阴'),
(9446, 4, ' 桂枝人参汤证的病机是：（ ）', '{\"A\":\"中阳不足\",\"B\":\"心阴阳不足\",\"C\":\"血虚而血不养神\",\"D\":\"脾虚寒湿兼表邪不解\"}', '脾虚寒湿兼表邪不解'),
(9447, 4, ' 厚朴生姜半夏甘草人参汤主治证是：（ ）', '{\"A\":\"胃肠燥实腹满证\",\"B\":\"脾虚气滞腹胀证\",\"C\":\"脾虚不运，寒湿中阻之腹满证\",\"D\":\"中风误下脾虚水停证\"}', '脾虚气滞腹胀证'),
(9448, 4, ' 葛根汤正确组成是：（ ）', '{\"A\":\"麻黄、桂枝、葛根、生姜、芍药 、甘草、大枣\",\"B\":\"麻黄、桂枝、杏仁、葛根、大枣、甘草\",\"C\":\"麻黄、桂枝、芍药、杏仁、半夏、葛根、甘草\",\"D\":\"麻黄、半夏、桂枝、葛根、升麻、甘草\"}', '麻黄、桂枝、葛根、生姜、芍药 、甘草、大枣'),
(9449, 4, ' 伤寒，医下之，续得下利，清谷不止，身疼痛者治宜（ ）', '{\"A\":\"理中汤\",\"B\":\"四逆汤\",\"C\":\"五苓散\",\"D\":\"桂枝汤\"}', '四逆汤'),
(9450, 4, ' 患者，女，28岁。产后身痛1周，伴恶风汗出，脉沉迟。临床辨证当是：（ ）', '{\"A\":\"附子汤证\",\"B\":\"麻黄细辛附子汤证\",\"C\":\"桂枝加附子汤证\",\"D\":\"桂枝新加汤证\"}', '桂枝新加汤证'),
(9451, 4, ' 患者，男，10岁，发热，脉数，见喉头后壁出现灰白色假膜，时作犬吠声咳嗽，鼻翼煽动，呼吸迫促而张口抬肩，舌红苔白厚。应以哪方为主： （ ）', '{\"A\":\"麻杏甘石汤\",\"B\":\"麻黄汤\",\"C\":\"桂枝加厚朴杏子汤\",\"D\":\"小青龙汤\"}', '麻杏甘石汤'),
(9452, 4, ' “结胸三证”是指：（ ）', '{\"A\":\"心下痛\",\"B\":\"但头汗出\",\"C\":\"脉沉而紧\",\"D\":\"按之石硬\"}', '心下痛;'),
(9453, 4, ' 患者，女，34岁。胃脘部痞硬胀满且按之疼痛3天，伴发热，胸膈满闷，咳吐黄痰，恶心呕吐。苔黄腻，脉浮滑。临床辨证当是：（ ）', '{\"A\":\"小陷胸汤证\",\"B\":\"黄连汤证\",\"C\":\"大黄黄连泻心汤证\",\"D\":\"大陷胸汤证\"}', '小陷胸汤证'),
(9454, 4, ' 炙甘草汤的配伍特点有：（ ）', '{\"A\":\"重用甘草补中益气以复脉之本\",\"B\":\"生地、麦冬、阿胶、麻仁养心阴，补心血\",\"C\":\"加酒以振奋阳气，活血通脉\",\"D\":\"桂枝甘草相合辛甘化阳，以助心阳\"}', '重用甘草补中益气以复脉之本;'),
(9455, 4, '《中华人民共和国网络安全法》于何时施行。', '{\"A\": \"2015.6\", \"C\": \"2016.11\", \"B\": \"2016.6\", \"D\": \"2017.6\"}', 'D'),
(9456, 4, 'Oracle的数据库监听器（LISTENER）的默认通讯端口是？（）', '{\"A\": \"TCP 1521\", \"C\": \"TCP 1251\", \"B\": \"TCP 3306\", \"D\": \"TCP 1433\"}', 'A'),
(9457, 4, '如果以Apache 为WWW服务器，（）是最重要的配置文件。', '{\"A\": \"access.conf\", \"C\": \"httpd.conf\", \"B\": \"srm.cong\", \"D\": \"index.html\"}', 'C'),
(9458, 4, '网络产品、服务提供者，以下哪项不违反法律：', '{\"A\": \"设置恶意程序\", \"C\": \"具备收集用户信息功能的，提供者向用户明示并取得同意\", \"B\": \"对其产品、服务存在的安全缺陷、漏洞等风险未立即采取补救措施，或者未按照规定及时告知用户并向有关主管部门报告的\", \"D\": \"擅自终止为其产品、服务提供安全维护的\"}', 'C'),
(9459, 4, '属于SNMP、Telnet和FTP共性的安全问题的是（）。', '{\"A\": \"主要的服务守护进程存在严重的系统漏洞\", \"C\": \"在建立连接过程中，缺少认证手段\", \"B\": \"明文传输特性\", \"D\": \"都可以匿名连接\"}', 'B'),
(9460, 4, '一台需要与互联网通信的HTTP服务器放在以下的哪个位置最安全？（）', '{\"A\": \"在DMZ区的内部\", \"C\": \"和防火墙在同一台计算机上\", \"B\": \"在内网中\", \"D\": \"互联网\"}', 'A'),
(9461, 4, 'DNS服务器解析请求使用的端口号是（ ）', '{\"A\": \"22.0\", \"C\": \"53.0\", \"B\": \"51.0\", \"D\": \"110.0\"}', 'C'),
(9462, 4, '黑客攻入内网后，ARP欺骗是黑客使用最为频繁的攻击方式，请问ARP欺骗可能对局域网用户产生什么威胁。', '{\"A\": \"挂马\", \"C\": \"中间人攻击\", \"B\": \"DNS毒化\", \"D\": \"以上全部\"}', 'D'),
(9463, 4, '某服务器被黑客入侵，黑客在服务器上安装了SHIFT后门，正常情况下，启动SHIFT后门的方法是。', '{\"A\": \"远程桌面连接到服务器，按5下键盘SHIFT键\", \"C\": \"telnet连接到服务器，运行net start shift\", \"B\": \"远程桌面连接到服务器，按3下键盘SHIFT键\", \"D\": \"telnet连接到服务器，运行net use shift\"}', 'A'),
(9464, 4, '贡布里希是（ ）艺术史家。', '{\"A\":\"美国\",\"B\":\"英国\",\"C\":\"意大利\",\"D\":\"德国\"}', '英国'),
(9465, 4, '被西方称为“画中女王”的画种是（ ）。', '{\"A\":\"水彩\",\"B\":\"粉笔画\",\"C\":\"油画\",\"D\":\"漆画\"}', '水彩 '),
(9466, 4, '传统艺术的核心是（ ）。', '{\"A\":\"雕塑\",\"B\":\"建筑\",\"C\":\"摄影\",\"D\":\"绘画\"}', '绘画'),
(9467, 4, '艺术的本质在于创新，其中包括哪些方面的创新？', '{\"A\":\"形式创新\",\"B\":\"色彩创新\",\"C\":\"题材创新\",\"D\":\"线条创新\"}', '形式创新;'),
(9468, 4, '绘画的表现形式为( )。', '{\"A\":\"表象\",\"B\":\"具象\",\"C\":\"抽象\",\"D\":\"形象\"}', '表象;'),
(9469, 4, '颜色三原色包括:红黄蓝。', '{\"A\":\"错\",\"B\":\"对\"}', '对'),
(9470, 4, '抽象绘画没有具体的型，所以不能表达创作者的内心情感。', '{\"A\":\"错\",\"B\":\"对\"}', '错'),
(9471, 4, '油画是世界绘画艺术中最有影响的画种。', '{\"A\":\"对\",\"B\":\"错\"}', '对'),
(9472, 4, '从艺术状态来看，中国传统艺术注重再现，西方传统艺术注重表现。', '{\"A\":\"对\",\"B\":\"错\"}', '错'),
(9473, 4, '美术作品具有传达信息，宣传政治观点的作用。', '{\"A\":\"对\",\"B\":\"错\"}', '对'),
(9474, 4, '（ ）被称为不透明水彩的画种为下列哪一画种。', '{\"A\":\"漆画\",\"B\":\"粉笔画\",\"C\":\"水粉画\",\"D\":\"丙烯画\"}', '水粉画'),
(9475, 4, '中国水彩画在中西文化的交流和融合中发展，19世纪下叶至20世纪初，在中国水彩画的（ ）。', '{\"A\":\"发展期\",\"B\":\"萌芽期\",\"C\":\"辉煌期\",\"D\":\"成熟期\"}', '萌芽期'),
(9476, 4, '20世纪五六十年代，中国画家们深入生活，（ ）创作《延河饮马》是当时影响广泛的佳作之一。', '{\"A\":\"阳太阳\",\"B\":\"萧淑芳\",\"C\":\"古元\",\"D\":\"李剑晨\"}', '古元'),
(9477, 4, '（ ）作为亚洲唯一人选，进入了英国皇家水彩画协会主席沃斯先生组建的世界十人著名水彩画家代表团。', '{\"A\":\"陈坚\",\"B\":\"王维新\",\"C\":\"关维新\",\"D\":\"陶世虎\"}', '关维新'),
(9478, 4, '水彩画特点包括（ ）。', '{\"A\":\"湿润\",\"B\":\"透明\",\"C\":\"流畅\",\"D\":\"清新\"}', '湿润;'),
(9479, 4, '在上个世纪末，中国水彩第一次堂而皇之的与大画种比肩而立，在《第九届全国美术作品展览》评奖中，水彩画与（ ）（ ）各占三个金奖。目前，中国水彩正在蓬勃发展。', '{\"A\":\"油画\",\"B\":\"国画\",\"C\":\"版画\",\"D\":\"年画\"}', '油画;'),
(9480, 4, '静物也是水彩画中常见的题材之一，种类繁多，形式多样，色彩丰富。', '{\"A\":\"对\",\"B\":\"错\"}', '对'),
(9481, 4, '水彩画形式语言的内涵是水色相互交融，所形成的水迹斑痕带有很强的随机性与抒情性。', '{\"A\":\"对\",\"B\":\"错\"}', '对'),
(9482, 4, '绘画种类繁多，从题材内容看，绘画可分为人物画', '{\"A\":\"错\",\"B\":\"对\"}', '对'),
(9483, 4, '阿尔塔米拉洞窟壁画是约在旧石器时代晚期的原始绘画艺术遗迹，位于法国北部阿尔塔米拉洞窟内。', '{\"A\":\"错\",\"B\":\"对\"}', '错'),
(9484, 4, '人类最早的造型艺术产生于( )时代晚期。', '{\"A\":\"旧石器\",\"B\":\"新石器\",\"C\":\"石器时期\",\"D\":\"新旧石器\"}', '新石器'),
(9485, 4, '拉斐尔是文艺复兴盛期三杰中杰出的一位画家。', '{\"A\":\"错\",\"B\":\"对\"}', '对'),
(9486, 4, '巴洛克艺术是15世纪广为流行的一种艺术形式。', '{\"A\":\"对\",\"B\":\"错\"}', '错'),
(9487, 4, '德国文艺复兴时期最杰出的两位画家是丢勒和荷尔贝因。', '{\"A\":\"错\",\"B\":\"对\"}', '对'),
(9488, 4, '鲁本斯的作品《抢劫留西帕斯女儿》的内容取材于希腊神话。', '{\"A\":\"错\",\"B\":\"对\"}', '对'),
(9489, 4, '法国罗可可画家华多一生的转折点以其作《舟发西苔岛》为标志。', '{\"A\":\"错\",\"B\":\"对\"}', '对'),
(9490, 4, '欧洲油画技术的改革这是法国的凡埃克兄弟。', '{\"A\":\"对\",\"B\":\"错\"}', '错'),
(9491, 4, '和罗可可相对立的是描绘市民生活的夏尔丹。', '{\"A\":\"对\",\"B\":\"错\"}', '对'),
(9492, 4, '（ ）重视自我的表现，强调变形和夸张。', '{\"A\":\"印象派\",\"B\":\"现代派\",\"C\":\"新印象派\",\"D\":\"后印象派\"}', '后印象派'),
(9493, 4, '马萨乔的艺术成就标志着文艺复兴早期艺术的到来。', '{\"A\":\"对\",\"B\":\"错\"}', '错'),
(9494, 4, '崔白的作品《双喜图》从布局上讲体现了（ ）思想。', '{\"A\":\"儒家\",\"B\":\"道家\",\"C\":\"法家\",\"D\":\"佛家\"}', '道家 '),
(9495, 4, '梁楷《秋柳双鸦图》这幅画独特之处是它的（ ）。', '{\"A\":\"线条\",\"B\":\"笔墨\",\"C\":\"构图\",\"D\":\"色彩\"}', '构图 '),
(9496, 4, '（ ）提出“论画以形似，见于儿童邻。赋诗必此诗，定知非诗人。', '{\"A\":\"苏轼\",\"B\":\"倪瓒\",\"C\":\"郭熙\",\"D\":\"王维\"}', '苏轼'),
(9497, 4, '现代绘画大师齐白石一谈到徐渭，便公然说自己“恨不生三百年前，为青藤磨墨铺纸”。这里的青藤指的哪位画家？（ ）。', '{\"A\":\"石涛\",\"B\":\"徐渭\",\"C\":\"八大\",\"D\":\"徐熙\"}', '徐渭'),
(9498, 4, '花鸟画作为独立的画种是从（ ）开始并逐渐走向成熟的。', '{\"A\":\"唐朝\",\"B\":\"魏晋\",\"C\":\"隋朝\",\"D\":\"宋朝\"}', '唐朝'),
(9499, 4, '王维《雪溪图》笔意清润，一变勾斫之法，用墨简淡，从而开创了（ ）水墨山水画派。', '{\"A\":\"隐逸\",\"B\":\"文人\",\"C\":\"南宗\",\"D\":\"北宗\"}', '南宗'),
(9500, 4, '在元代绘画强调个性表现，追求“以素静为贵”', '{\"A\":\"幽雅\",\"B\":\"疏淡\",\"C\":\"冷寂\",\"D\":\"清逸\"}', '幽雅;'),
(9501, 4, '清代的绘画以花卉画最有特殊光彩，不但变化繁多，而且气势直驾人物画', '{\"A\":\"徐熙\",\"B\":\"八大\",\"C\":\"徐渭\",\"D\":\"石涛\"}', '石涛'),
(9502, 4, '下列哪些与王冕有关？', '{\"A\":\"独创了用朱色点红梅人称“胭脂没骨体”\",\"B\":\"江南第一风流才子\",\"C\":\"画梅形式为“繁梅”\",\"D\":\"擅长用墨被誉为“墨王”\"}', '独创了用朱色点红梅人称“胭脂没骨体”;'),
(9503, 4, '《游春图》的出现标志着中国山水画的逐渐独立，它具有哪些艺术特色？', '{\"A\":\"清新自然的“畅神”之美\",\"B\":\"赋的手法、神仙的世界、瑰丽的色彩\",\"C\":\"是青绿山水的开山之作\",\"D\":\"现存最古老的一幅卷轴山水画\"}', '清新自然的“畅神”之美;'),
(9504, 4, '《中华人民共和国  网络安全法》于何时施行。', '{\"A\": \"2015.6\", \"C\": \"2016.11\", \"B\": \"2016.6\", \"D\": \"2017.6\"}', 'D'),
(9505, 4, 'Oracle的数据库 监听器（LISTENER）的默认通讯端口是？（）', '{\"A\": \"TCP 1521\", \"C\": \"TCP 1251\", \"B\": \"TCP 3306\", \"D\": \"TCP 1433\"}', 'A'),
(9506, 4, '如果以Apache 为  WWW服务器，（）是最重要的配置文件。', '{\"A\": \"access.conf\", \"C\": \"httpd.conf\", \"B\": \"srm.cong\", \"D\": \"index.html\"}', 'C'),
(9507, 4, '网络产品、服务提 供者，以下哪项不违反法律：', '{\"A\": \"设置恶意程序\", \"C\": \"具备收集用户信息功能的，提供者向用户明示并取得同意\", \"B\": \"对其产品、服务存在的安全缺陷、漏洞等风险未立即采取补救措施，或者未按照规定及时告知用户并向有关主管部门报告的\", \"D\": \"擅自终止为其产品、服务提供安全维护的\"}', 'C'),
(9508, 4, '属于SNMP、Telne t和FTP共性的安全问题的是（）。', '{\"A\": \"主要的服务守护进程存在严重的系统漏洞\", \"C\": \"在建立连接过程中，缺少认证手段\", \"B\": \"明文传输特性\", \"D\": \"都可以匿名连接\"}', 'B'),
(9509, 4, 'DDOS攻击破坏了 系统的（）。', '{\"A\": \"可用性\", \"C\": \"完整性\", \"B\": \"保密性\", \"D\": \"真实性\"}', 'A'),
(9510, 4, ' A:土地荒漠化', '{\"A\":\"土地荒漠化\",\"B\":\"泥石流\",\"C\":\"火山喷发\",\"D\":\"臭氧层破坏\"}', '泥石流;'),
(9511, 4, ' A:水土流失', '{\"A\":\"水土流失\",\"B\":\"资源缺乏\",\"C\":\"生态破坏\",\"D\":\"“三废”污染\"}', '“三废”污染'),
(9512, 4, ' A:《我们共同的未来》', '{\"A\":\"《我们共同的未来》\",\"B\":\"《寂静的春天》\",\"C\":\"《增长的极限》\",\"D\":\"《人类环境宣言》\"}', '《寂静的春天》'),
(9513, 4, ' A:错', '{\"A\":\"错\",\"B\":\"对\"}', '对'),
(9514, 4, ' A:对', '{\"A\":\"对\",\"B\":\"错\"}', '错'),
(9515, 4, ' A:错', '{\"A\":\"错\",\"B\":\"对\"}', '对'),
(9516, 4, ' A:错', '{\"A\":\"错\",\"B\":\"对\"}', '错'),
(9517, 4, ' A:错', '{\"A\":\"错\",\"B\":\"对\"}', '对'),
(9518, 4, ' A:错', '{\"A\":\"错\",\"B\":\"对\"}', '对'),
(9519, 4, ' A:对', '{\"A\":\"对\",\"B\":\"错\"}', '对'),
(9520, 4, ' A:CO', '{\"A\":\"CO\",\"B\":\"臭氧\",\"C\":\"SO2\",\"D\":\"甲醛\"}', '臭氧;'),
(9521, 4, ' A:错', '{\"A\":\"错\",\"B\":\"对\"}', '对'),
(9522, 4, ' A:5.65', '{\"A\":\"5.65\",\"B\":\"4.6\",\"C\":\"5.1\",\"D\":\"4.3\"}', '5.65'),
(9523, 4, ' A:甲烷', '{\"A\":\"甲烷\",\"B\":\"一氧化碳\",\"C\":\"CO2\",\"D\":\"氟氯烃及臭氧\"}', '甲烷;'),
(9524, 4, ' A:对', '{\"A\":\"对\",\"B\":\"错\"}', '对'),
(9525, 4, ' A:发展风能等', '{\"A\":\"发展风能等\",\"B\":\"发展水能等\",\"C\":\"发展核电\",\"D\":\"天然气替代煤炭\"}', '发展风能等;'),
(9526, 4, ' A:错', '{\"A\":\"错\",\"B\":\"对\"}', '对'),
(9527, 4, ' A:二氧化硫', '{\"A\":\"二氧化硫\",\"B\":\"一氧化碳\",\"C\":\"氯氟烃\",\"D\":\"氮氧化物\"}', '氯氟烃;'),
(9528, 4, ' A:潮汐流人工湿地', '{\"A\":\"潮汐流人工湿地\",\"B\":\"一般型人工湿地\",\"C\":\"潜流人工湿地\",\"D\":\"表面流人工湿地\"}', '潮汐流人工湿地;'),
(9529, 4, ' A:水流冲蚀地面', '{\"A\":\"水流冲蚀地面\",\"B\":\"降水淋洗大气降尘\",\"C\":\"火山喷发\",\"D\":\"降雨淋洗大气污染物\"}', '降雨淋洗大气污染物'),
(9530, 4, ' A:农业用水区及一般景观要求水域', '{\"A\":\"农业用水区及一般景观要求水域\",\"B\":\"一般工业用水区及人体非直接接触的娱乐用水区\",\"C\":\"集中式生活饮用水地表水源地一级保护区、珍稀水生生物栖息地、鱼虾类产卵场、仔幼鱼的索饵场等\",\"D\":\"集中式生活饮用水地表水源地二级保护区、鱼虾类越冬场、洄游通道、水产养殖区等渔业水域及游泳区\"}', '集中式生活饮用水地表水源地二级保护区、鱼虾类越冬场、洄游通道、水产养殖区等渔业水域及游泳区'),
(9531, 4, ' A:观赏度高', '{\"A\":\"观赏度高\",\"B\":\"生长期长\",\"C\":\"茎叶发达\",\"D\":\"根系发达\"}', '根系发达'),
(9532, 4, ' A:提高湿地系统的综合效益', '{\"A\":\"提高湿地系统的综合效益\",\"B\":\"防止填料的堵塞\",\"C\":\"确保长期的除磷效果\",\"D\":\"增加湿地美观程度\"}', '确保长期的除磷效果'),
(9533, 4, ' A:可以获得污水处理与资源化的最佳效益', '{\"A\":\"可以获得污水处理与资源化的最佳效益\",\"B\":\"对于废水中污染物处理效果最佳\",\"C\":\"可以防止环境的再污染\",\"D\":\"具有较高的环境效益\"}', '对于废水中污染物处理效果最佳'),
(9534, 4, ' A:错', '{\"A\":\"错\",\"B\":\"对\"}', '对'),
(9535, 4, ' A:错', '{\"A\":\"错\",\"B\":\"对\"}', '错'),
(9536, 4, ' A:重金属或其他有毒有害物质含量超标的工业固体废物、生活垃圾或者污染土壤可用于土地复垦', '{\"A\":\"重金属或其他有毒有害物质含量超标的工业固体废物、生活垃圾或者污染土壤可用于土地复垦\",\"B\":\"建设和运行污水集中处理设施、固体废物处置设施，应当采取措施防止土壤污染\",\"C\":\"禁止向农用地排放重金属或其他有毒有害物质含量超标的污水、污泥，以及可能造成土壤污染的清淤底泥、尾矿、矿渣等\",\"D\":\"禁止生产、销售、使用国家命令禁止的农业投入品\"}', '重金属或其他有毒有害物质含量超标的工业固体废物、生活垃圾或者污染土壤可用于土地复垦'),
(9537, 4, ' A:土壤污染具有很强的地域性', '{\"A\":\"土壤污染具有很强的地域性\",\"B\":\"土壤污染不会影响周边的地表水和地下水\",\"C\":\"土壤污染的治理和修复难度大\",\"D\":\"土壤污染不会对植物产生危害\"}', '土壤污染具有很强的地域性;'),
(9538, 4, ' A:有现存（直接显露）或潜在（通过转化）的危害后果', '{\"A\":\"有现存（直接显露）或潜在（通过转化）的危害后果\",\"B\":\"有可观察的土壤形态、颜色等的变化\",\"C\":\"有可识别的人为污染物\",\"D\":\"有可鉴别的污染物数量的增加\"}', '有现存（直接显露）或潜在（通过转化）的危害后果;'),
(9539, 4, ' A:污水灌溉', '{\"A\":\"污水灌溉\",\"B\":\"固体废弃物\",\"C\":\"大气沉降\",\"D\":\"农业污染\"}', '污水灌溉;'),
(9540, 4, ' A:物理- 化学修复技术', '{\"A\":\"物理- 化学修复技术\",\"B\":\"联合修复技术\",\"C\":\"生物修复技术\",\"D\":\"工程修复技术\"}', '物理- 化学修复技术;'),
(9541, 4, ' A:不易挥发的污染物', '{\"A\":\"不易挥发的污染物\",\"B\":\"放射性污染物\",\"C\":\"挥发性有机污染物\",\"D\":\"半挥发性有机污染物\"}', '挥发性有机污染物;'),
(9542, 4, ' A:农药', '{\"A\":\"农药\",\"B\":\"微塑料\",\"C\":\"重金属\",\"D\":\"腐殖质\"}', '农药;'),
(9543, 4, ' A:错', '{\"A\":\"错\",\"B\":\"对\"}', '对'),
(9544, 4, ' A:错', '{\"A\":\"错\",\"B\":\"对\"}', '对'),
(9545, 4, ' A:致死', '{\"A\":\"致死\",\"B\":\"致癌\",\"C\":\"致畸\",\"D\":\"致突变\"}', '致死'),
(9546, 4, ' A:杀虫剂', '{\"A\":\"杀虫剂\",\"B\":\"其余均不是\",\"C\":\"可塑剂\",\"D\":\"防治疟疾的药物\"}', '杀虫剂'),
(9547, 4, ' A:生物蓄积性', '{\"A\":\"生物蓄积性\",\"B\":\"长期残留性\",\"C\":\"半挥发性\",\"D\":\"高毒性\"}', '生物蓄积性;'),
(9548, 4, ' A:某些持久性有机污染物会引起肝脏肿大', '{\"A\":\"某些持久性有机污染物会引起肝脏肿大\",\"B\":\"某些持久性有机污染物会引起婴儿和胎儿的发育不良\",\"C\":\"某些持久性有机污染物具有致癌性\",\"D\":\"某些持久性有机污染物会影响体内激素水平\"}', '某些持久性有机污染物会引起肝脏肿大;'),
(9549, 4, ' A:植物修复', '{\"A\":\"植物修复\",\"B\":\"微生物修复\",\"C\":\"动物修复\",\"D\":\"酶修复\"}', '植物修复;'),
(9550, 4, ' A:芬顿氧化法', '{\"A\":\"芬顿氧化法\",\"B\":\"电化学降解法\",\"C\":\"超临界水氧化法\",\"D\":\"超临界萃取法\"}', '芬顿氧化法;'),
(9551, 4, ' A:错', '{\"A\":\"错\",\"B\":\"对\"}', '错'),
(9552, 4, ' A:对', '{\"A\":\"对\",\"B\":\"错\"}', '对'),
(9553, 4, ' A:对', '{\"A\":\"对\",\"B\":\"错\"}', '错'),
(9554, 4, ' A:促进岩石风化', '{\"A\":\"促进岩石风化\",\"B\":\"减少土壤养分\",\"C\":\"破坏土壤结构\",\"D\":\"破坏表层枯落物\"}', '破坏土壤结构'),
(9555, 4, ' A:水蚀', '{\"A\":\"水蚀\",\"B\":\"重力侵蚀\",\"C\":\"风蚀\",\"D\":\"人类活动\"}', '风蚀'),
(9556, 4, ' A:环境因素', '{\"A\":\"环境因素\",\"B\":\"人为因素\",\"C\":\"自然因素\",\"D\":\"生态因素\"}', '人为因素;'),
(9557, 4, ' A:改变坡面微小地形', '{\"A\":\"改变坡面微小地形\",\"B\":\"深耕、翻耕\",\"C\":\"增加植被覆盖\",\"D\":\"增强土壤有机质抗蚀力\"}', '改变坡面微小地形;'),
(9558, 4, ' A:治河工程', '{\"A\":\"治河工程\",\"B\":\"治沟工程\",\"C\":\"小型水利工程\",\"D\":\"治坡工程\"}', '治沟工程;'),
(9559, 4, ' A:对', '{\"A\":\"对\",\"B\":\"错\"}', '错'),
(9560, 4, ' A:对', '{\"A\":\"对\",\"B\":\"错\"}', '对'),
(9561, 4, ' A:对', '{\"A\":\"对\",\"B\":\"错\"}', '对'),
(9562, 4, ' A:对', '{\"A\":\"对\",\"B\":\"错\"}', '对'),
(9563, 4, ' A:气候', '{\"A\":\"气候\",\"B\":\"地形\",\"C\":\"火山爆发\",\"D\":\"水文\"}', '气候;'),
(9564, 4, ' A:放牧数量', '{\"A\":\"放牧数量\",\"B\":\"放牧种类\",\"C\":\"作物品质\",\"D\":\"对作物产量\"}', '作物品质;'),
(9565, 4, ' A:亚洲', '{\"A\":\"亚洲\",\"B\":\"南美洲\",\"C\":\"非洲\",\"D\":\"北美洲\"}', '亚洲'),
(9566, 4, ' A:其余选项都不对', '{\"A\":\"其余选项都不对\",\"B\":\"土壤含水率增高\",\"C\":\"引起上游土壤的盐渍化\",\"D\":\"引起下游土壤的荒漠化\"}', '引起上游土壤的盐渍化;'),
(9567, 4, ' A:旱灾', '{\"A\":\"旱灾\",\"B\":\"滑坡\",\"C\":\"水体富营养化\",\"D\":\"泥石流\"}', '旱灾;'),
(9568, 4, ' A:对', '{\"A\":\"对\",\"B\":\"错\"}', '错'),
(9569, 4, ' A:错', '{\"A\":\"错\",\"B\":\"对\"}', '错'),
(9570, 4, ' A:对', '{\"A\":\"对\",\"B\":\"错\"}', '对'),
(9571, 4, ' A:错', '{\"A\":\"错\",\"B\":\"对\"}', '错'),
(9572, 4, ' A:一般指从一个国家进入另一个国家或从一个自然生态系统进入另一个自然生态系统，在自然、半自然生态系统或生境中建立种群并影响、威胁及破坏到本地生物多样性的外来物种', '{\"A\":\"一般指从一个国家进入另一个国家或从一个自然生态系统进入另一个自然生态系统，在自然、半自然生态系统或生境中建立种群并影响、威胁及破坏到本地生物多样性的外来物种\",\"B\":\"本地区的有害物种\",\"C\":\"从一个地区进入另一个地区的物种\",\"D\":\"从一个国家进入另一个国家的物种\"}', '一般指从一个国家进入另一个国家或从一个自然生态系统进入另一个自然生态系统，在自然、半自然生态系统或生境中建立种群并影响、威胁及破坏到本地生物多样性的外来物种'),
(9573, 4, ' A:自然保护区的功能是接纳各地迁移和捕来的野生动物并加以保护', '{\"A\":\"自然保护区的功能是接纳各地迁移和捕来的野生动物并加以保护\",\"B\":\"为控制凤眼莲（水葫芦）在我国造成的严重灾害，应将其天敌引入我国\",\"C\":\"对于珍稀濒危物种，禁止一切形式的猎采和买卖\",\"D\":\"为保护草场，较少沙化，要杀死所有危害草原的黄鼠\"}', '对于珍稀濒危物种，禁止一切形式的猎采和买卖'),
(9574, 4, ' A:生态系统多样性', '{\"A\":\"生态系统多样性\",\"B\":\"景观多样性\",\"C\":\"遗传（基因）多样性\",\"D\":\"物种多样性\"}', '生态系统多样性;'),
(9575, 4, ' A:科学、教育、文化价值', '{\"A\":\"科学、教育、文化价值\",\"B\":\"生态价值\",\"C\":\"经济、社会价值\",\"D\":\"娱乐和美学价值等\"}', '科学、教育、文化价值;'),
(9576, 4, ' A:全球气候变化', '{\"A\":\"全球气候变化\",\"B\":\"对自然资源不断增加的需求和滥捕乱猎、掠夺式的过度捕杀利用\",\"C\":\"外来入侵物种\",\"D\":\"生境丧失和破碎化\"}', '全球气候变化;'),
(9577, 4, ' A:土壤肥力以及水质等遭到破坏', '{\"A\":\"土壤肥力以及水质等遭到破坏\",\"B\":\"影响食物来源和工农业资源\",\"C\":\"植被生长过于繁茂\",\"D\":\"影响自然界生态平衡\"}', '土壤肥力以及水质等遭到破坏;'),
(9578, 4, ' A:对', '{\"A\":\"对\",\"B\":\"错\"}', '对'),
(9579, 4, ' A:错', '{\"A\":\"错\",\"B\":\"对\"}', '对'),
(9580, 4, ' A:对', '{\"A\":\"对\",\"B\":\"错\"}', '错'),
(9581, 4, ' A:r对策', '{\"A\":\"r对策\",\"B\":\"S对策\",\"C\":\"其余选项都不对\",\"D\":\"K对策\"}', 'r对策;'),
(9582, 4, ' A:2018', '{\"A\":\"2018\",\"B\":\"2016\",\"C\":\"2017\",\"D\":\"2019\"}', '2018'),
(9583, 4, ' A:绿水青山就是金山银山', '{\"A\":\"绿水青山就是金山银山\",\"B\":\"坚持人与自然和谐共生\",\"C\":\"共谋全球生态文明建设\",\"D\":\"山水林田湖草是生命共同体\"}', '绿水青山就是金山银山;'),
(9584, 4, ' A:2025', '{\"A\":\"2025\",\"B\":\"2035\",\"C\":\"2050\",\"D\":\"2030\"}', '2030'),
(9585, 4, ' A:借鉴发达国家的成功经验', '{\"A\":\"借鉴发达国家的成功经验\",\"B\":\"政府大力支持，完善法律制度\",\"C\":\"加强生态经济产业的发展\",\"D\":\"树立人与自然协调发展观念\"}', '借鉴发达国家的成功经验;'),
(9586, 4, ' A:安徽黄山', '{\"A\":\"安徽黄山\",\"B\":\"浙江绍兴\",\"C\":\"江西吉安\",\"D\":\"浙江安吉\"}', '浙江安吉'),
(9587, 4, ' A:2022', '{\"A\":\"2022\",\"B\":\"2025\",\"C\":\"2035\",\"D\":\"2030\"}', '2035'),
(9588, 4, ' A:错', '{\"A\":\"错\",\"B\":\"对\"}', '对'),
(9589, 4, ' A:错', '{\"A\":\"错\",\"B\":\"对\"}', '对'),
(9590, 4, ' A:可回收物，蓝色垃圾桶', '{\"A\":\"可回收物，蓝色垃圾桶\",\"B\":\"厨余垃圾，红色垃圾桶\",\"C\":\"其他垃圾，黑色垃圾桶\",\"D\":\"有害垃圾，红色垃圾桶\"}', '其他垃圾，黑色垃圾桶'),
(9591, 4, ' A:其他垃圾', '{\"A\":\"其他垃圾\",\"B\":\"可回收垃圾\",\"C\":\"厨余垃圾\",\"D\":\"可焚烧垃圾\"}', '可回收垃圾'),
(9592, 4, ' A:2021', '{\"A\":\"2021\",\"B\":\"2030\",\"C\":\"2022\",\"D\":\"2025\"}', '2022'),
(9593, 4, ' A:生活垃圾', '{\"A\":\"生活垃圾\",\"B\":\"建筑垃圾\",\"C\":\"特种垃圾\",\"D\":\"大件垃圾\"}', '生活垃圾;'),
(9594, 4, ' A:卫生间废纸', '{\"A\":\"卫生间废纸\",\"B\":\"荧光灯管\",\"C\":\"灰土\",\"D\":\"织物\"}', '卫生间废纸;'),
(9595, 4, ' A:酸奶塑料杯需要洗净后才可投放入可回收物垃圾箱', '{\"A\":\"酸奶塑料杯需要洗净后才可投放入可回收物垃圾箱\",\"B\":\"在外就餐，剩菜要打包带走\",\"C\":\"话梅核、坚果核等可投入厨余垃圾桶\",\"D\":\"绘画用的颜色可投放入有毒有害垃圾桶\"}', '酸奶塑料杯需要洗净后才可投放入可回收物垃圾箱;'),
(9596, 4, ' A:错', '{\"A\":\"错\",\"B\":\"对\"}', '对'),
(9597, 4, ' A:错', '{\"A\":\"错\",\"B\":\"对\"}', '错'),
(9598, 4, ' A:错', '{\"A\":\"错\",\"B\":\"对\"}', '对'),
(9599, 4, ' A:罗马俱乐部', '{\"A\":\"罗马俱乐部\",\"B\":\"雷切尔\",\"C\":\"达尔文\",\"D\":\"保罗·克鲁岑\"}', '保罗·克鲁岑'),
(9600, 4, ' A:社会可持续发展', '{\"A\":\"社会可持续发展\",\"B\":\"生态可持续发展\",\"C\":\"文明可持续发展\",\"D\":\"经济可持续发展\"}', '社会可持续发展;'),
(9601, 4, ' A:持续性原则', '{\"A\":\"持续性原则\",\"B\":\"平衡性原则\",\"C\":\"共同性原则\",\"D\":\"公平性原则\"}', '持续性原则;'),
(9602, 4, ' A:中共十七大', '{\"A\":\"中共十七大\",\"B\":\"中共十八大\",\"C\":\"中共十五大\",\"D\":\"中共十六大\"}', '中共十六大'),
(9603, 4, ' A:错', '{\"A\":\"错\",\"B\":\"对\"}', '对'),
(9604, 4, ' A:错', '{\"A\":\"错\",\"B\":\"对\"}', '对'),
(9605, 4, ' A:对', '{\"A\":\"对\",\"B\":\"错\"}', '对'),
(9606, 4, ' A:错', '{\"A\":\"错\",\"B\":\"对\"}', '错'),
(9607, 4, ' A:对', '{\"A\":\"对\",\"B\":\"错\"}', '对'),
(9608, 4, '《中华人民共和国网络安全法》 于何时施行。', '{\"A\": \"2015.6\", \"C\": \"2016.11\", \"B\": \"2016.6\", \"D\": \"2017.6\"}', 'D'),
(9609, 4, '如果以Apache 为  WWW服务器，   （）是最重要的配置文件。', '{\"A\": \"access.conf\", \"C\": \"httpd.conf\", \"B\": \"srm.cong\", \"D\": \"index.html\"}', 'C'),
(9610, 4, '网络产品、服务提 供者，以下哪项不违反法律    ：', '{\"A\": \"设置恶意程序\", \"C\": \"具备收集用户信息功能的，提供者向用户明示并取得同意\", \"B\": \"对其产品、服务存在的安全缺陷、漏洞等风险未立即采取补救措施，或者未按照规定及时告知用户并向有关主管部门报告的\", \"D\": \"擅自终止为其产品、服务提供安全维护的\"}', 'C'),
(9611, 4, '属于SNMP、Telne t和FTP共性的安全问题的是   （）。', '{\"A\": \"主要的服务守护进程存在严重的系统漏洞\", \"C\": \"在建立连接过程中，缺少认证手段\", \"B\": \"明文传输特性\", \"D\": \"都可以匿名连接\"}', 'B'),
(9612, 4, 'DDOS攻击破坏了 系统的（）。   ', '{\"A\": \"可用性\", \"C\": \"完整性\", \"B\": \"保密性\", \"D\": \"真实性\"}', 'A');

-- --------------------------------------------------------

--
-- 表的结构 `users`
--

CREATE TABLE `users` (
  `id` int(11) NOT NULL,
  `username` varchar(30) COLLATE utf8_unicode_ci DEFAULT NULL,
  `password` varchar(128) COLLATE utf8_unicode_ci DEFAULT NULL,
  `upload_path` varchar(33) COLLATE utf8_unicode_ci DEFAULT NULL
) ENGINE=MyISAM DEFAULT CHARSET=utf8 COLLATE=utf8_unicode_ci;

--
-- 转存表中的数据 `users`
--

INSERT INTO `users` (`id`, `username`, `password`, `upload_path`) VALUES
(1, 'admin', '123456', '32c0e861759867494dba973b9ec298ee');

-- --------------------------------------------------------

--
-- 表的结构 `user_search_count`
--

CREATE TABLE `user_search_count` (
  `id` int(11) NOT NULL,
  `count` int(11) DEFAULT NULL
) ENGINE=MyISAM DEFAULT CHARSET=utf8 COLLATE=utf8_unicode_ci;

--
-- 转存表中的数据 `user_search_count`
--

INSERT INTO `user_search_count` (`id`, `count`) VALUES
(1, 99999999);

--
-- 转储表的索引
--

--
-- 表的索引 `ti_ku`
--
ALTER TABLE `ti_ku`
  ADD PRIMARY KEY (`id`);

--
-- 表的索引 `users`
--
ALTER TABLE `users`
  ADD PRIMARY KEY (`id`);

--
-- 表的索引 `user_search_count`
--
ALTER TABLE `user_search_count`
  ADD PRIMARY KEY (`id`);

--
-- 在导出的表使用AUTO_INCREMENT
--

--
-- 使用表AUTO_INCREMENT `ti_ku`
--
ALTER TABLE `ti_ku`
  MODIFY `id` int(11) NOT NULL AUTO_INCREMENT, AUTO_INCREMENT=9613;

--
-- 使用表AUTO_INCREMENT `users`
--
ALTER TABLE `users`
  MODIFY `id` int(11) NOT NULL AUTO_INCREMENT, AUTO_INCREMENT=2;

--
-- 使用表AUTO_INCREMENT `user_search_count`
--
ALTER TABLE `user_search_count`
  MODIFY `id` int(11) NOT NULL AUTO_INCREMENT, AUTO_INCREMENT=2;
--
-- 数据库： `ry`
--
CREATE DATABASE IF NOT EXISTS `ry` DEFAULT CHARACTER SET utf8 COLLATE utf8_unicode_ci;
USE `ry`;

-- --------------------------------------------------------

--
-- 表的结构 `gen_table`
--

CREATE TABLE `gen_table` (
  `table_id` bigint(20) NOT NULL COMMENT '编号',
  `table_name` varchar(200) COLLATE utf8_unicode_ci DEFAULT '' COMMENT '表名称',
  `table_comment` varchar(500) COLLATE utf8_unicode_ci DEFAULT '' COMMENT '表描述',
  `sub_table_name` varchar(64) COLLATE utf8_unicode_ci DEFAULT NULL COMMENT '关联子表的表名',
  `sub_table_fk_name` varchar(64) COLLATE utf8_unicode_ci DEFAULT NULL COMMENT '子表关联的外键名',
  `class_name` varchar(100) COLLATE utf8_unicode_ci DEFAULT '' COMMENT '实体类名称',
  `tpl_category` varchar(200) COLLATE utf8_unicode_ci DEFAULT 'crud' COMMENT '使用的模板（crud单表操作 tree树表操作 sub主子表操作）',
  `package_name` varchar(100) COLLATE utf8_unicode_ci DEFAULT NULL COMMENT '生成包路径',
  `module_name` varchar(30) COLLATE utf8_unicode_ci DEFAULT NULL COMMENT '生成模块名',
  `business_name` varchar(30) COLLATE utf8_unicode_ci DEFAULT NULL COMMENT '生成业务名',
  `function_name` varchar(50) COLLATE utf8_unicode_ci DEFAULT NULL COMMENT '生成功能名',
  `function_author` varchar(50) COLLATE utf8_unicode_ci DEFAULT NULL COMMENT '生成功能作者',
  `gen_type` char(1) COLLATE utf8_unicode_ci DEFAULT '0' COMMENT '生成代码方式（0zip压缩包 1自定义路径）',
  `gen_path` varchar(200) COLLATE utf8_unicode_ci DEFAULT '/' COMMENT '生成路径（不填默认项目路径）',
  `options` varchar(1000) COLLATE utf8_unicode_ci DEFAULT NULL COMMENT '其它生成选项',
  `create_by` varchar(64) COLLATE utf8_unicode_ci DEFAULT '' COMMENT '创建者',
  `create_time` datetime DEFAULT NULL COMMENT '创建时间',
  `update_by` varchar(64) COLLATE utf8_unicode_ci DEFAULT '' COMMENT '更新者',
  `update_time` datetime DEFAULT NULL COMMENT '更新时间',
  `remark` varchar(500) COLLATE utf8_unicode_ci DEFAULT NULL COMMENT '备注'
) ENGINE=InnoDB DEFAULT CHARSET=utf8 COLLATE=utf8_unicode_ci COMMENT='代码生成业务表';

-- --------------------------------------------------------

--
-- 表的结构 `gen_table_column`
--

CREATE TABLE `gen_table_column` (
  `column_id` bigint(20) NOT NULL COMMENT '编号',
  `table_id` varchar(64) COLLATE utf8_unicode_ci DEFAULT NULL COMMENT '归属表编号',
  `column_name` varchar(200) COLLATE utf8_unicode_ci DEFAULT NULL COMMENT '列名称',
  `column_comment` varchar(500) COLLATE utf8_unicode_ci DEFAULT NULL COMMENT '列描述',
  `column_type` varchar(100) COLLATE utf8_unicode_ci DEFAULT NULL COMMENT '列类型',
  `java_type` varchar(500) COLLATE utf8_unicode_ci DEFAULT NULL COMMENT 'JAVA类型',
  `java_field` varchar(200) COLLATE utf8_unicode_ci DEFAULT NULL COMMENT 'JAVA字段名',
  `is_pk` char(1) COLLATE utf8_unicode_ci DEFAULT NULL COMMENT '是否主键（1是）',
  `is_increment` char(1) COLLATE utf8_unicode_ci DEFAULT NULL COMMENT '是否自增（1是）',
  `is_required` char(1) COLLATE utf8_unicode_ci DEFAULT NULL COMMENT '是否必填（1是）',
  `is_insert` char(1) COLLATE utf8_unicode_ci DEFAULT NULL COMMENT '是否为插入字段（1是）',
  `is_edit` char(1) COLLATE utf8_unicode_ci DEFAULT NULL COMMENT '是否编辑字段（1是）',
  `is_list` char(1) COLLATE utf8_unicode_ci DEFAULT NULL COMMENT '是否列表字段（1是）',
  `is_query` char(1) COLLATE utf8_unicode_ci DEFAULT NULL COMMENT '是否查询字段（1是）',
  `query_type` varchar(200) COLLATE utf8_unicode_ci DEFAULT 'EQ' COMMENT '查询方式（等于、不等于、大于、小于、范围）',
  `html_type` varchar(200) COLLATE utf8_unicode_ci DEFAULT NULL COMMENT '显示类型（文本框、文本域、下拉框、复选框、单选框、日期控件）',
  `dict_type` varchar(200) COLLATE utf8_unicode_ci DEFAULT '' COMMENT '字典类型',
  `sort` int(11) DEFAULT NULL COMMENT '排序',
  `create_by` varchar(64) COLLATE utf8_unicode_ci DEFAULT '' COMMENT '创建者',
  `create_time` datetime DEFAULT NULL COMMENT '创建时间',
  `update_by` varchar(64) COLLATE utf8_unicode_ci DEFAULT '' COMMENT '更新者',
  `update_time` datetime DEFAULT NULL COMMENT '更新时间'
) ENGINE=InnoDB DEFAULT CHARSET=utf8 COLLATE=utf8_unicode_ci COMMENT='代码生成业务表字段';

-- --------------------------------------------------------

--
-- 表的结构 `qrtz_blob_triggers`
--

CREATE TABLE `qrtz_blob_triggers` (
  `sched_name` varchar(120) COLLATE utf8_unicode_ci NOT NULL,
  `trigger_name` varchar(200) COLLATE utf8_unicode_ci NOT NULL,
  `trigger_group` varchar(200) COLLATE utf8_unicode_ci NOT NULL,
  `blob_data` blob
) ENGINE=InnoDB DEFAULT CHARSET=utf8 COLLATE=utf8_unicode_ci;

-- --------------------------------------------------------

--
-- 表的结构 `qrtz_calendars`
--

CREATE TABLE `qrtz_calendars` (
  `sched_name` varchar(120) COLLATE utf8_unicode_ci NOT NULL,
  `calendar_name` varchar(200) COLLATE utf8_unicode_ci NOT NULL,
  `calendar` blob NOT NULL
) ENGINE=InnoDB DEFAULT CHARSET=utf8 COLLATE=utf8_unicode_ci;

-- --------------------------------------------------------

--
-- 表的结构 `qrtz_cron_triggers`
--

CREATE TABLE `qrtz_cron_triggers` (
  `sched_name` varchar(120) COLLATE utf8_unicode_ci NOT NULL,
  `trigger_name` varchar(200) COLLATE utf8_unicode_ci NOT NULL,
  `trigger_group` varchar(200) COLLATE utf8_unicode_ci NOT NULL,
  `cron_expression` varchar(200) COLLATE utf8_unicode_ci NOT NULL,
  `time_zone_id` varchar(80) COLLATE utf8_unicode_ci DEFAULT NULL
) ENGINE=InnoDB DEFAULT CHARSET=utf8 COLLATE=utf8_unicode_ci;

--
-- 转存表中的数据 `qrtz_cron_triggers`
--

INSERT INTO `qrtz_cron_triggers` (`sched_name`, `trigger_name`, `trigger_group`, `cron_expression`, `time_zone_id`) VALUES
('RuoyiScheduler', 'TASK_CLASS_NAME1', 'DEFAULT', '0/10 * * * * ?', 'Asia/Shanghai'),
('RuoyiScheduler', 'TASK_CLASS_NAME2', 'DEFAULT', '0/15 * * * * ?', 'Asia/Shanghai'),
('RuoyiScheduler', 'TASK_CLASS_NAME3', 'DEFAULT', '0/20 * * * * ?', 'Asia/Shanghai');

-- --------------------------------------------------------

--
-- 表的结构 `qrtz_fired_triggers`
--

CREATE TABLE `qrtz_fired_triggers` (
  `sched_name` varchar(120) COLLATE utf8_unicode_ci NOT NULL,
  `entry_id` varchar(95) COLLATE utf8_unicode_ci NOT NULL,
  `trigger_name` varchar(200) COLLATE utf8_unicode_ci NOT NULL,
  `trigger_group` varchar(200) COLLATE utf8_unicode_ci NOT NULL,
  `instance_name` varchar(200) COLLATE utf8_unicode_ci NOT NULL,
  `fired_time` bigint(13) NOT NULL,
  `sched_time` bigint(13) NOT NULL,
  `priority` int(11) NOT NULL,
  `state` varchar(16) COLLATE utf8_unicode_ci NOT NULL,
  `job_name` varchar(200) COLLATE utf8_unicode_ci DEFAULT NULL,
  `job_group` varchar(200) COLLATE utf8_unicode_ci DEFAULT NULL,
  `is_nonconcurrent` varchar(1) COLLATE utf8_unicode_ci DEFAULT NULL,
  `requests_recovery` varchar(1) COLLATE utf8_unicode_ci DEFAULT NULL
) ENGINE=InnoDB DEFAULT CHARSET=utf8 COLLATE=utf8_unicode_ci;

-- --------------------------------------------------------

--
-- 表的结构 `qrtz_job_details`
--

CREATE TABLE `qrtz_job_details` (
  `sched_name` varchar(120) COLLATE utf8_unicode_ci NOT NULL,
  `job_name` varchar(200) COLLATE utf8_unicode_ci NOT NULL,
  `job_group` varchar(200) COLLATE utf8_unicode_ci NOT NULL,
  `description` varchar(250) COLLATE utf8_unicode_ci DEFAULT NULL,
  `job_class_name` varchar(250) COLLATE utf8_unicode_ci NOT NULL,
  `is_durable` varchar(1) COLLATE utf8_unicode_ci NOT NULL,
  `is_nonconcurrent` varchar(1) COLLATE utf8_unicode_ci NOT NULL,
  `is_update_data` varchar(1) COLLATE utf8_unicode_ci NOT NULL,
  `requests_recovery` varchar(1) COLLATE utf8_unicode_ci NOT NULL,
  `job_data` blob
) ENGINE=InnoDB DEFAULT CHARSET=utf8 COLLATE=utf8_unicode_ci;

--
-- 转存表中的数据 `qrtz_job_details`
--

INSERT INTO `qrtz_job_details` (`sched_name`, `job_name`, `job_group`, `description`, `job_class_name`, `is_durable`, `is_nonconcurrent`, `is_update_data`, `requests_recovery`, `job_data`) VALUES
('RuoyiScheduler', 'TASK_CLASS_NAME1', 'DEFAULT', NULL, 'com.ruoyi.quartz.util.QuartzDisallowConcurrentExecution', '0', '1', '0', '0', 0xaced0005737200156f72672e71756172747a2e4a6f62446174614d61709fb083e8bfa9b0cb020000787200266f72672e71756172747a2e7574696c732e537472696e674b65794469727479466c61674d61708208e8c3fbc55d280200015a0013616c6c6f77735472616e7369656e74446174617872001d6f72672e71756172747a2e7574696c732e4469727479466c61674d617013e62ead28760ace0200025a000564697274794c00036d617074000f4c6a6176612f7574696c2f4d61703b787001737200116a6176612e7574696c2e486173684d61700507dac1c31660d103000246000a6c6f6164466163746f724900097468726573686f6c6478703f4000000000000c7708000000100000000174000f5441534b5f50524f504552544945537372001e636f6d2e72756f79692e71756172747a2e646f6d61696e2e5379734a6f6200000000000000010200084c000a636f6e63757272656e747400124c6a6176612f6c616e672f537472696e673b4c000e63726f6e45787072657373696f6e71007e00094c000c696e766f6b6554617267657471007e00094c00086a6f6247726f757071007e00094c00056a6f6249647400104c6a6176612f6c616e672f4c6f6e673b4c00076a6f624e616d6571007e00094c000d6d697366697265506f6c69637971007e00094c000673746174757371007e000978720027636f6d2e72756f79692e636f6d6d6f6e2e636f72652e646f6d61696e2e42617365456e7469747900000000000000010200074c0008637265617465427971007e00094c000a63726561746554696d657400104c6a6176612f7574696c2f446174653b4c0006706172616d7371007e00034c000672656d61726b71007e00094c000b73656172636856616c756571007e00094c0008757064617465427971007e00094c000a75706461746554696d6571007e000c787074000561646d696e7372000e6a6176612e7574696c2e44617465686a81014b59741903000078707708000001622cde29e078707400007070707400013174000e302f3130202a202a202a202a203f74001172795461736b2e72794e6f506172616d7374000744454641554c547372000e6a6176612e6c616e672e4c6f6e673b8be490cc8f23df0200014a000576616c7565787200106a6176612e6c616e672e4e756d62657286ac951d0b94e08b02000078700000000000000001740018e7b3bbe7bb9fe9bb98e8aea4efbc88e697a0e58f82efbc8974000133740001317800),
('RuoyiScheduler', 'TASK_CLASS_NAME2', 'DEFAULT', NULL, 'com.ruoyi.quartz.util.QuartzDisallowConcurrentExecution', '0', '1', '0', '0', 0xaced0005737200156f72672e71756172747a2e4a6f62446174614d61709fb083e8bfa9b0cb020000787200266f72672e71756172747a2e7574696c732e537472696e674b65794469727479466c61674d61708208e8c3fbc55d280200015a0013616c6c6f77735472616e7369656e74446174617872001d6f72672e71756172747a2e7574696c732e4469727479466c61674d617013e62ead28760ace0200025a000564697274794c00036d617074000f4c6a6176612f7574696c2f4d61703b787001737200116a6176612e7574696c2e486173684d61700507dac1c31660d103000246000a6c6f6164466163746f724900097468726573686f6c6478703f4000000000000c7708000000100000000174000f5441534b5f50524f504552544945537372001e636f6d2e72756f79692e71756172747a2e646f6d61696e2e5379734a6f6200000000000000010200084c000a636f6e63757272656e747400124c6a6176612f6c616e672f537472696e673b4c000e63726f6e45787072657373696f6e71007e00094c000c696e766f6b6554617267657471007e00094c00086a6f6247726f757071007e00094c00056a6f6249647400104c6a6176612f6c616e672f4c6f6e673b4c00076a6f624e616d6571007e00094c000d6d697366697265506f6c69637971007e00094c000673746174757371007e000978720027636f6d2e72756f79692e636f6d6d6f6e2e636f72652e646f6d61696e2e42617365456e7469747900000000000000010200074c0008637265617465427971007e00094c000a63726561746554696d657400104c6a6176612f7574696c2f446174653b4c0006706172616d7371007e00034c000672656d61726b71007e00094c000b73656172636856616c756571007e00094c0008757064617465427971007e00094c000a75706461746554696d6571007e000c787074000561646d696e7372000e6a6176612e7574696c2e44617465686a81014b59741903000078707708000001622cde29e078707400007070707400013174000e302f3135202a202a202a202a203f74001572795461736b2e7279506172616d7328277279272974000744454641554c547372000e6a6176612e6c616e672e4c6f6e673b8be490cc8f23df0200014a000576616c7565787200106a6176612e6c616e672e4e756d62657286ac951d0b94e08b02000078700000000000000002740018e7b3bbe7bb9fe9bb98e8aea4efbc88e69c89e58f82efbc8974000133740001317800),
('RuoyiScheduler', 'TASK_CLASS_NAME3', 'DEFAULT', NULL, 'com.ruoyi.quartz.util.QuartzDisallowConcurrentExecution', '0', '1', '0', '0', 0xaced0005737200156f72672e71756172747a2e4a6f62446174614d61709fb083e8bfa9b0cb020000787200266f72672e71756172747a2e7574696c732e537472696e674b65794469727479466c61674d61708208e8c3fbc55d280200015a0013616c6c6f77735472616e7369656e74446174617872001d6f72672e71756172747a2e7574696c732e4469727479466c61674d617013e62ead28760ace0200025a000564697274794c00036d617074000f4c6a6176612f7574696c2f4d61703b787001737200116a6176612e7574696c2e486173684d61700507dac1c31660d103000246000a6c6f6164466163746f724900097468726573686f6c6478703f4000000000000c7708000000100000000174000f5441534b5f50524f504552544945537372001e636f6d2e72756f79692e71756172747a2e646f6d61696e2e5379734a6f6200000000000000010200084c000a636f6e63757272656e747400124c6a6176612f6c616e672f537472696e673b4c000e63726f6e45787072657373696f6e71007e00094c000c696e766f6b6554617267657471007e00094c00086a6f6247726f757071007e00094c00056a6f6249647400104c6a6176612f6c616e672f4c6f6e673b4c00076a6f624e616d6571007e00094c000d6d697366697265506f6c69637971007e00094c000673746174757371007e000978720027636f6d2e72756f79692e636f6d6d6f6e2e636f72652e646f6d61696e2e42617365456e7469747900000000000000010200074c0008637265617465427971007e00094c000a63726561746554696d657400104c6a6176612f7574696c2f446174653b4c0006706172616d7371007e00034c000672656d61726b71007e00094c000b73656172636856616c756571007e00094c0008757064617465427971007e00094c000a75706461746554696d6571007e000c787074000561646d696e7372000e6a6176612e7574696c2e44617465686a81014b59741903000078707708000001622cde29e078707400007070707400013174000e302f3230202a202a202a202a203f74003872795461736b2e72794d756c7469706c65506172616d7328277279272c20747275652c20323030304c2c203331362e3530442c203130302974000744454641554c547372000e6a6176612e6c616e672e4c6f6e673b8be490cc8f23df0200014a000576616c7565787200106a6176612e6c616e672e4e756d62657286ac951d0b94e08b02000078700000000000000003740018e7b3bbe7bb9fe9bb98e8aea4efbc88e5a49ae58f82efbc8974000133740001317800);

-- --------------------------------------------------------

--
-- 表的结构 `qrtz_locks`
--

CREATE TABLE `qrtz_locks` (
  `sched_name` varchar(120) COLLATE utf8_unicode_ci NOT NULL,
  `lock_name` varchar(40) COLLATE utf8_unicode_ci NOT NULL
) ENGINE=InnoDB DEFAULT CHARSET=utf8 COLLATE=utf8_unicode_ci;

--
-- 转存表中的数据 `qrtz_locks`
--

INSERT INTO `qrtz_locks` (`sched_name`, `lock_name`) VALUES
('RuoyiScheduler', 'STATE_ACCESS'),
('RuoyiScheduler', 'TRIGGER_ACCESS');

-- --------------------------------------------------------

--
-- 表的结构 `qrtz_paused_trigger_grps`
--

CREATE TABLE `qrtz_paused_trigger_grps` (
  `sched_name` varchar(120) COLLATE utf8_unicode_ci NOT NULL,
  `trigger_group` varchar(200) COLLATE utf8_unicode_ci NOT NULL
) ENGINE=InnoDB DEFAULT CHARSET=utf8 COLLATE=utf8_unicode_ci;

-- --------------------------------------------------------

--
-- 表的结构 `qrtz_scheduler_state`
--

CREATE TABLE `qrtz_scheduler_state` (
  `sched_name` varchar(120) COLLATE utf8_unicode_ci NOT NULL,
  `instance_name` varchar(200) COLLATE utf8_unicode_ci NOT NULL,
  `last_checkin_time` bigint(13) NOT NULL,
  `checkin_interval` bigint(13) NOT NULL
) ENGINE=InnoDB DEFAULT CHARSET=utf8 COLLATE=utf8_unicode_ci;

--
-- 转存表中的数据 `qrtz_scheduler_state`
--

INSERT INTO `qrtz_scheduler_state` (`sched_name`, `instance_name`, `last_checkin_time`, `checkin_interval`) VALUES
('RuoyiScheduler', 'DESKTOP-40CQ6NQ1602329848876', 1602330003350, 15000);

-- --------------------------------------------------------

--
-- 表的结构 `qrtz_simple_triggers`
--

CREATE TABLE `qrtz_simple_triggers` (
  `sched_name` varchar(120) COLLATE utf8_unicode_ci NOT NULL,
  `trigger_name` varchar(200) COLLATE utf8_unicode_ci NOT NULL,
  `trigger_group` varchar(200) COLLATE utf8_unicode_ci NOT NULL,
  `repeat_count` bigint(7) NOT NULL,
  `repeat_interval` bigint(12) NOT NULL,
  `times_triggered` bigint(10) NOT NULL
) ENGINE=InnoDB DEFAULT CHARSET=utf8 COLLATE=utf8_unicode_ci;

-- --------------------------------------------------------

--
-- 表的结构 `qrtz_simprop_triggers`
--

CREATE TABLE `qrtz_simprop_triggers` (
  `sched_name` varchar(120) COLLATE utf8_unicode_ci NOT NULL,
  `trigger_name` varchar(200) COLLATE utf8_unicode_ci NOT NULL,
  `trigger_group` varchar(200) COLLATE utf8_unicode_ci NOT NULL,
  `str_prop_1` varchar(512) COLLATE utf8_unicode_ci DEFAULT NULL,
  `str_prop_2` varchar(512) COLLATE utf8_unicode_ci DEFAULT NULL,
  `str_prop_3` varchar(512) COLLATE utf8_unicode_ci DEFAULT NULL,
  `int_prop_1` int(11) DEFAULT NULL,
  `int_prop_2` int(11) DEFAULT NULL,
  `long_prop_1` bigint(20) DEFAULT NULL,
  `long_prop_2` bigint(20) DEFAULT NULL,
  `dec_prop_1` decimal(13,4) DEFAULT NULL,
  `dec_prop_2` decimal(13,4) DEFAULT NULL,
  `bool_prop_1` varchar(1) COLLATE utf8_unicode_ci DEFAULT NULL,
  `bool_prop_2` varchar(1) COLLATE utf8_unicode_ci DEFAULT NULL
) ENGINE=InnoDB DEFAULT CHARSET=utf8 COLLATE=utf8_unicode_ci;

-- --------------------------------------------------------

--
-- 表的结构 `qrtz_triggers`
--

CREATE TABLE `qrtz_triggers` (
  `sched_name` varchar(120) COLLATE utf8_unicode_ci NOT NULL,
  `trigger_name` varchar(200) COLLATE utf8_unicode_ci NOT NULL,
  `trigger_group` varchar(200) COLLATE utf8_unicode_ci NOT NULL,
  `job_name` varchar(200) COLLATE utf8_unicode_ci NOT NULL,
  `job_group` varchar(200) COLLATE utf8_unicode_ci NOT NULL,
  `description` varchar(250) COLLATE utf8_unicode_ci DEFAULT NULL,
  `next_fire_time` bigint(13) DEFAULT NULL,
  `prev_fire_time` bigint(13) DEFAULT NULL,
  `priority` int(11) DEFAULT NULL,
  `trigger_state` varchar(16) COLLATE utf8_unicode_ci NOT NULL,
  `trigger_type` varchar(8) COLLATE utf8_unicode_ci NOT NULL,
  `start_time` bigint(13) NOT NULL,
  `end_time` bigint(13) DEFAULT NULL,
  `calendar_name` varchar(200) COLLATE utf8_unicode_ci DEFAULT NULL,
  `misfire_instr` smallint(2) DEFAULT NULL,
  `job_data` blob
) ENGINE=InnoDB DEFAULT CHARSET=utf8 COLLATE=utf8_unicode_ci;

--
-- 转存表中的数据 `qrtz_triggers`
--

INSERT INTO `qrtz_triggers` (`sched_name`, `trigger_name`, `trigger_group`, `job_name`, `job_group`, `description`, `next_fire_time`, `prev_fire_time`, `priority`, `trigger_state`, `trigger_type`, `start_time`, `end_time`, `calendar_name`, `misfire_instr`, `job_data`) VALUES
('RuoyiScheduler', 'TASK_CLASS_NAME1', 'DEFAULT', 'TASK_CLASS_NAME1', 'DEFAULT', NULL, 1602329850000, -1, 5, 'PAUSED', 'CRON', 1602329849000, 0, NULL, 2, ''),
('RuoyiScheduler', 'TASK_CLASS_NAME2', 'DEFAULT', 'TASK_CLASS_NAME2', 'DEFAULT', NULL, 1602329850000, -1, 5, 'PAUSED', 'CRON', 1602329849000, 0, NULL, 2, ''),
('RuoyiScheduler', 'TASK_CLASS_NAME3', 'DEFAULT', 'TASK_CLASS_NAME3', 'DEFAULT', NULL, 1602329860000, -1, 5, 'PAUSED', 'CRON', 1602329849000, 0, NULL, 2, '');

-- --------------------------------------------------------

--
-- 表的结构 `sys_config`
--

CREATE TABLE `sys_config` (
  `config_id` int(5) NOT NULL COMMENT '参数主键',
  `config_name` varchar(100) COLLATE utf8_unicode_ci DEFAULT '' COMMENT '参数名称',
  `config_key` varchar(100) COLLATE utf8_unicode_ci DEFAULT '' COMMENT '参数键名',
  `config_value` varchar(500) COLLATE utf8_unicode_ci DEFAULT '' COMMENT '参数键值',
  `config_type` char(1) COLLATE utf8_unicode_ci DEFAULT 'N' COMMENT '系统内置（Y是 N否）',
  `create_by` varchar(64) COLLATE utf8_unicode_ci DEFAULT '' COMMENT '创建者',
  `create_time` datetime DEFAULT NULL COMMENT '创建时间',
  `update_by` varchar(64) COLLATE utf8_unicode_ci DEFAULT '' COMMENT '更新者',
  `update_time` datetime DEFAULT NULL COMMENT '更新时间',
  `remark` varchar(500) COLLATE utf8_unicode_ci DEFAULT NULL COMMENT '备注'
) ENGINE=InnoDB DEFAULT CHARSET=utf8 COLLATE=utf8_unicode_ci COMMENT='参数配置表';

--
-- 转存表中的数据 `sys_config`
--

INSERT INTO `sys_config` (`config_id`, `config_name`, `config_key`, `config_value`, `config_type`, `create_by`, `create_time`, `update_by`, `update_time`, `remark`) VALUES
(1, '主框架页-默认皮肤样式名称', 'sys.index.skinName', 'skin-blue', 'Y', 'admin', '2018-03-16 11:33:00', 'ry', '2018-03-16 11:33:00', '蓝色 skin-blue、绿色 skin-green、紫色 skin-purple、红色 skin-red、黄色 skin-yellow'),
(2, '用户管理-账号初始密码', 'sys.user.initPassword', '123456', 'Y', 'admin', '2018-03-16 11:33:00', 'ry', '2018-03-16 11:33:00', '初始化密码 123456'),
(3, '主框架页-侧边栏主题', 'sys.index.sideTheme', 'theme-dark', 'Y', 'admin', '2018-03-16 11:33:00', 'ry', '2018-03-16 11:33:00', '深黑主题theme-dark，浅色主题theme-light，深蓝主题theme-blue'),
(4, '账号自助-是否开启用户注册功能', 'sys.account.registerUser', 'false', 'Y', 'admin', '2018-03-16 11:33:00', 'ry', '2018-03-16 11:33:00', '是否开启注册用户功能（true开启，false关闭）'),
(5, '用户管理-密码字符范围', 'sys.account.chrtype', '0', 'Y', 'admin', '2018-03-16 11:33:00', 'ry', '2018-03-16 11:33:00', '默认任意字符范围，0任意（密码可以输入任意字符），1数字（密码只能为0-9数字），2英文字母（密码只能为a-z和A-Z字母），3字母和数字（密码必须包含字母，数字）,4字母数组和特殊字符（密码必须包含字母，数字，特殊字符-_）'),
(6, '主框架页-菜单导航显示风格', 'sys.index.menuStyle', 'default', 'Y', 'admin', '2018-03-16 11:33:00', 'ry', '2018-03-16 11:33:00', '菜单导航显示风格（default为左侧导航菜单，topnav为顶部导航菜单）'),
(7, '主框架页-是否开启页脚', 'sys.index.ignoreFooter', 'true', 'Y', 'admin', '2018-03-16 11:33:00', 'ry', '2018-03-16 11:33:00', '是否开启底部页脚显示（true显示，false隐藏）');

-- --------------------------------------------------------

--
-- 表的结构 `sys_dept`
--

CREATE TABLE `sys_dept` (
  `dept_id` bigint(20) NOT NULL COMMENT '部门id',
  `parent_id` bigint(20) DEFAULT '0' COMMENT '父部门id',
  `ancestors` varchar(50) COLLATE utf8_unicode_ci DEFAULT '' COMMENT '祖级列表',
  `dept_name` varchar(30) COLLATE utf8_unicode_ci DEFAULT '' COMMENT '部门名称',
  `order_num` int(4) DEFAULT '0' COMMENT '显示顺序',
  `leader` varchar(20) COLLATE utf8_unicode_ci DEFAULT NULL COMMENT '负责人',
  `phone` varchar(11) COLLATE utf8_unicode_ci DEFAULT NULL COMMENT '联系电话',
  `email` varchar(50) COLLATE utf8_unicode_ci DEFAULT NULL COMMENT '邮箱',
  `status` char(1) COLLATE utf8_unicode_ci DEFAULT '0' COMMENT '部门状态（0正常 1停用）',
  `del_flag` char(1) COLLATE utf8_unicode_ci DEFAULT '0' COMMENT '删除标志（0代表存在 2代表删除）',
  `create_by` varchar(64) COLLATE utf8_unicode_ci DEFAULT '' COMMENT '创建者',
  `create_time` datetime DEFAULT NULL COMMENT '创建时间',
  `update_by` varchar(64) COLLATE utf8_unicode_ci DEFAULT '' COMMENT '更新者',
  `update_time` datetime DEFAULT NULL COMMENT '更新时间'
) ENGINE=InnoDB DEFAULT CHARSET=utf8 COLLATE=utf8_unicode_ci COMMENT='部门表';

--
-- 转存表中的数据 `sys_dept`
--

INSERT INTO `sys_dept` (`dept_id`, `parent_id`, `ancestors`, `dept_name`, `order_num`, `leader`, `phone`, `email`, `status`, `del_flag`, `create_by`, `create_time`, `update_by`, `update_time`) VALUES
(100, 0, '0', '若依科技', 0, '若依', '15888888888', 'ry@qq.com', '0', '0', 'admin', '2018-03-16 11:33:00', 'ry', '2018-03-16 11:33:00'),
(101, 100, '0,100', '深圳总公司', 1, '若依', '15888888888', 'ry@qq.com', '0', '0', 'admin', '2018-03-16 11:33:00', 'ry', '2018-03-16 11:33:00'),
(102, 100, '0,100', '长沙分公司', 2, '若依', '15888888888', 'ry@qq.com', '0', '0', 'admin', '2018-03-16 11:33:00', 'ry', '2018-03-16 11:33:00'),
(103, 101, '0,100,101', '研发部门', 1, '若依', '15888888888', 'ry@qq.com', '0', '0', 'admin', '2018-03-16 11:33:00', 'ry', '2018-03-16 11:33:00'),
(104, 101, '0,100,101', '市场部门', 2, '若依', '15888888888', 'ry@qq.com', '0', '0', 'admin', '2018-03-16 11:33:00', 'ry', '2018-03-16 11:33:00'),
(105, 101, '0,100,101', '测试部门', 3, '若依', '15888888888', 'ry@qq.com', '0', '0', 'admin', '2018-03-16 11:33:00', 'ry', '2018-03-16 11:33:00'),
(106, 101, '0,100,101', '财务部门', 4, '若依', '15888888888', 'ry@qq.com', '0', '0', 'admin', '2018-03-16 11:33:00', 'ry', '2018-03-16 11:33:00'),
(107, 101, '0,100,101', '运维部门', 5, '若依', '15888888888', 'ry@qq.com', '0', '0', 'admin', '2018-03-16 11:33:00', 'ry', '2018-03-16 11:33:00'),
(108, 102, '0,100,102', '市场部门', 1, '若依', '15888888888', 'ry@qq.com', '0', '0', 'admin', '2018-03-16 11:33:00', 'ry', '2018-03-16 11:33:00'),
(109, 102, '0,100,102', '财务部门', 2, '若依', '15888888888', 'ry@qq.com', '0', '0', 'admin', '2018-03-16 11:33:00', 'ry', '2018-03-16 11:33:00');

-- --------------------------------------------------------

--
-- 表的结构 `sys_dict_data`
--

CREATE TABLE `sys_dict_data` (
  `dict_code` bigint(20) NOT NULL COMMENT '字典编码',
  `dict_sort` int(4) DEFAULT '0' COMMENT '字典排序',
  `dict_label` varchar(100) COLLATE utf8_unicode_ci DEFAULT '' COMMENT '字典标签',
  `dict_value` varchar(100) COLLATE utf8_unicode_ci DEFAULT '' COMMENT '字典键值',
  `dict_type` varchar(100) COLLATE utf8_unicode_ci DEFAULT '' COMMENT '字典类型',
  `css_class` varchar(100) COLLATE utf8_unicode_ci DEFAULT NULL COMMENT '样式属性（其他样式扩展）',
  `list_class` varchar(100) COLLATE utf8_unicode_ci DEFAULT NULL COMMENT '表格回显样式',
  `is_default` char(1) COLLATE utf8_unicode_ci DEFAULT 'N' COMMENT '是否默认（Y是 N否）',
  `status` char(1) COLLATE utf8_unicode_ci DEFAULT '0' COMMENT '状态（0正常 1停用）',
  `create_by` varchar(64) COLLATE utf8_unicode_ci DEFAULT '' COMMENT '创建者',
  `create_time` datetime DEFAULT NULL COMMENT '创建时间',
  `update_by` varchar(64) COLLATE utf8_unicode_ci DEFAULT '' COMMENT '更新者',
  `update_time` datetime DEFAULT NULL COMMENT '更新时间',
  `remark` varchar(500) COLLATE utf8_unicode_ci DEFAULT NULL COMMENT '备注'
) ENGINE=InnoDB DEFAULT CHARSET=utf8 COLLATE=utf8_unicode_ci COMMENT='字典数据表';

--
-- 转存表中的数据 `sys_dict_data`
--

INSERT INTO `sys_dict_data` (`dict_code`, `dict_sort`, `dict_label`, `dict_value`, `dict_type`, `css_class`, `list_class`, `is_default`, `status`, `create_by`, `create_time`, `update_by`, `update_time`, `remark`) VALUES
(1, 1, '男', '0', 'sys_user_sex', '', '', 'Y', '0', 'admin', '2018-03-16 11:33:00', 'ry', '2018-03-16 11:33:00', '性别男'),
(2, 2, '女', '1', 'sys_user_sex', '', '', 'N', '0', 'admin', '2018-03-16 11:33:00', 'ry', '2018-03-16 11:33:00', '性别女'),
(3, 3, '未知', '2', 'sys_user_sex', '', '', 'N', '0', 'admin', '2018-03-16 11:33:00', 'ry', '2018-03-16 11:33:00', '性别未知'),
(4, 1, '显示', '0', 'sys_show_hide', '', 'primary', 'Y', '0', 'admin', '2018-03-16 11:33:00', 'ry', '2018-03-16 11:33:00', '显示菜单'),
(5, 2, '隐藏', '1', 'sys_show_hide', '', 'danger', 'N', '0', 'admin', '2018-03-16 11:33:00', 'ry', '2018-03-16 11:33:00', '隐藏菜单'),
(6, 1, '正常', '0', 'sys_normal_disable', '', 'primary', 'Y', '0', 'admin', '2018-03-16 11:33:00', 'ry', '2018-03-16 11:33:00', '正常状态'),
(7, 2, '停用', '1', 'sys_normal_disable', '', 'danger', 'N', '0', 'admin', '2018-03-16 11:33:00', 'ry', '2018-03-16 11:33:00', '停用状态'),
(8, 1, '正常', '0', 'sys_job_status', '', 'primary', 'Y', '0', 'admin', '2018-03-16 11:33:00', 'ry', '2018-03-16 11:33:00', '正常状态'),
(9, 2, '暂停', '1', 'sys_job_status', '', 'danger', 'N', '0', 'admin', '2018-03-16 11:33:00', 'ry', '2018-03-16 11:33:00', '停用状态'),
(10, 1, '默认', 'DEFAULT', 'sys_job_group', '', '', 'Y', '0', 'admin', '2018-03-16 11:33:00', 'ry', '2018-03-16 11:33:00', '默认分组'),
(11, 2, '系统', 'SYSTEM', 'sys_job_group', '', '', 'N', '0', 'admin', '2018-03-16 11:33:00', 'ry', '2018-03-16 11:33:00', '系统分组'),
(12, 1, '是', 'Y', 'sys_yes_no', '', 'primary', 'Y', '0', 'admin', '2018-03-16 11:33:00', 'ry', '2018-03-16 11:33:00', '系统默认是'),
(13, 2, '否', 'N', 'sys_yes_no', '', 'danger', 'N', '0', 'admin', '2018-03-16 11:33:00', 'ry', '2018-03-16 11:33:00', '系统默认否'),
(14, 1, '通知', '1', 'sys_notice_type', '', 'warning', 'Y', '0', 'admin', '2018-03-16 11:33:00', 'ry', '2018-03-16 11:33:00', '通知'),
(15, 2, '公告', '2', 'sys_notice_type', '', 'success', 'N', '0', 'admin', '2018-03-16 11:33:00', 'ry', '2018-03-16 11:33:00', '公告'),
(16, 1, '正常', '0', 'sys_notice_status', '', 'primary', 'Y', '0', 'admin', '2018-03-16 11:33:00', 'ry', '2018-03-16 11:33:00', '正常状态'),
(17, 2, '关闭', '1', 'sys_notice_status', '', 'danger', 'N', '0', 'admin', '2018-03-16 11:33:00', 'ry', '2018-03-16 11:33:00', '关闭状态'),
(18, 99, '其他', '0', 'sys_oper_type', '', 'info', 'N', '0', 'admin', '2018-03-16 11:33:00', 'ry', '2018-03-16 11:33:00', '其他操作'),
(19, 1, '新增', '1', 'sys_oper_type', '', 'info', 'N', '0', 'admin', '2018-03-16 11:33:00', 'ry', '2018-03-16 11:33:00', '新增操作'),
(20, 2, '修改', '2', 'sys_oper_type', '', 'info', 'N', '0', 'admin', '2018-03-16 11:33:00', 'ry', '2018-03-16 11:33:00', '修改操作'),
(21, 3, '删除', '3', 'sys_oper_type', '', 'danger', 'N', '0', 'admin', '2018-03-16 11:33:00', 'ry', '2018-03-16 11:33:00', '删除操作'),
(22, 4, '授权', '4', 'sys_oper_type', '', 'primary', 'N', '0', 'admin', '2018-03-16 11:33:00', 'ry', '2018-03-16 11:33:00', '授权操作'),
(23, 5, '导出', '5', 'sys_oper_type', '', 'warning', 'N', '0', 'admin', '2018-03-16 11:33:00', 'ry', '2018-03-16 11:33:00', '导出操作'),
(24, 6, '导入', '6', 'sys_oper_type', '', 'warning', 'N', '0', 'admin', '2018-03-16 11:33:00', 'ry', '2018-03-16 11:33:00', '导入操作'),
(25, 7, '强退', '7', 'sys_oper_type', '', 'danger', 'N', '0', 'admin', '2018-03-16 11:33:00', 'ry', '2018-03-16 11:33:00', '强退操作'),
(26, 8, '生成代码', '8', 'sys_oper_type', '', 'warning', 'N', '0', 'admin', '2018-03-16 11:33:00', 'ry', '2018-03-16 11:33:00', '生成操作'),
(27, 9, '清空数据', '9', 'sys_oper_type', '', 'danger', 'N', '0', 'admin', '2018-03-16 11:33:00', 'ry', '2018-03-16 11:33:00', '清空操作'),
(28, 1, '成功', '0', 'sys_common_status', '', 'primary', 'N', '0', 'admin', '2018-03-16 11:33:00', 'ry', '2018-03-16 11:33:00', '正常状态'),
(29, 2, '失败', '1', 'sys_common_status', '', 'danger', 'N', '0', 'admin', '2018-03-16 11:33:00', 'ry', '2018-03-16 11:33:00', '停用状态');

-- --------------------------------------------------------

--
-- 表的结构 `sys_dict_type`
--

CREATE TABLE `sys_dict_type` (
  `dict_id` bigint(20) NOT NULL COMMENT '字典主键',
  `dict_name` varchar(100) COLLATE utf8_unicode_ci DEFAULT '' COMMENT '字典名称',
  `dict_type` varchar(100) COLLATE utf8_unicode_ci DEFAULT '' COMMENT '字典类型',
  `status` char(1) COLLATE utf8_unicode_ci DEFAULT '0' COMMENT '状态（0正常 1停用）',
  `create_by` varchar(64) COLLATE utf8_unicode_ci DEFAULT '' COMMENT '创建者',
  `create_time` datetime DEFAULT NULL COMMENT '创建时间',
  `update_by` varchar(64) COLLATE utf8_unicode_ci DEFAULT '' COMMENT '更新者',
  `update_time` datetime DEFAULT NULL COMMENT '更新时间',
  `remark` varchar(500) COLLATE utf8_unicode_ci DEFAULT NULL COMMENT '备注'
) ENGINE=InnoDB DEFAULT CHARSET=utf8 COLLATE=utf8_unicode_ci COMMENT='字典类型表';

--
-- 转存表中的数据 `sys_dict_type`
--

INSERT INTO `sys_dict_type` (`dict_id`, `dict_name`, `dict_type`, `status`, `create_by`, `create_time`, `update_by`, `update_time`, `remark`) VALUES
(1, '用户性别', 'sys_user_sex', '0', 'admin', '2018-03-16 11:33:00', 'ry', '2018-03-16 11:33:00', '用户性别列表'),
(2, '菜单状态', 'sys_show_hide', '0', 'admin', '2018-03-16 11:33:00', 'ry', '2018-03-16 11:33:00', '菜单状态列表'),
(3, '系统开关', 'sys_normal_disable', '0', 'admin', '2018-03-16 11:33:00', 'ry', '2018-03-16 11:33:00', '系统开关列表'),
(4, '任务状态', 'sys_job_status', '0', 'admin', '2018-03-16 11:33:00', 'ry', '2018-03-16 11:33:00', '任务状态列表'),
(5, '任务分组', 'sys_job_group', '0', 'admin', '2018-03-16 11:33:00', 'ry', '2018-03-16 11:33:00', '任务分组列表'),
(6, '系统是否', 'sys_yes_no', '0', 'admin', '2018-03-16 11:33:00', 'ry', '2018-03-16 11:33:00', '系统是否列表'),
(7, '通知类型', 'sys_notice_type', '0', 'admin', '2018-03-16 11:33:00', 'ry', '2018-03-16 11:33:00', '通知类型列表'),
(8, '通知状态', 'sys_notice_status', '0', 'admin', '2018-03-16 11:33:00', 'ry', '2018-03-16 11:33:00', '通知状态列表'),
(9, '操作类型', 'sys_oper_type', '0', 'admin', '2018-03-16 11:33:00', 'ry', '2018-03-16 11:33:00', '操作类型列表'),
(10, '系统状态', 'sys_common_status', '0', 'admin', '2018-03-16 11:33:00', 'ry', '2018-03-16 11:33:00', '登录状态列表');

-- --------------------------------------------------------

--
-- 表的结构 `sys_job`
--

CREATE TABLE `sys_job` (
  `job_id` bigint(20) NOT NULL COMMENT '任务ID',
  `job_name` varchar(64) COLLATE utf8_unicode_ci NOT NULL DEFAULT '' COMMENT '任务名称',
  `job_group` varchar(64) COLLATE utf8_unicode_ci NOT NULL DEFAULT 'DEFAULT' COMMENT '任务组名',
  `invoke_target` varchar(500) COLLATE utf8_unicode_ci NOT NULL COMMENT '调用目标字符串',
  `cron_expression` varchar(255) COLLATE utf8_unicode_ci DEFAULT '' COMMENT 'cron执行表达式',
  `misfire_policy` varchar(20) COLLATE utf8_unicode_ci DEFAULT '3' COMMENT '计划执行错误策略（1立即执行 2执行一次 3放弃执行）',
  `concurrent` char(1) COLLATE utf8_unicode_ci DEFAULT '1' COMMENT '是否并发执行（0允许 1禁止）',
  `status` char(1) COLLATE utf8_unicode_ci DEFAULT '0' COMMENT '状态（0正常 1暂停）',
  `create_by` varchar(64) COLLATE utf8_unicode_ci DEFAULT '' COMMENT '创建者',
  `create_time` datetime DEFAULT NULL COMMENT '创建时间',
  `update_by` varchar(64) COLLATE utf8_unicode_ci DEFAULT '' COMMENT '更新者',
  `update_time` datetime DEFAULT NULL COMMENT '更新时间',
  `remark` varchar(500) COLLATE utf8_unicode_ci DEFAULT '' COMMENT '备注信息'
) ENGINE=InnoDB DEFAULT CHARSET=utf8 COLLATE=utf8_unicode_ci COMMENT='定时任务调度表';

--
-- 转存表中的数据 `sys_job`
--

INSERT INTO `sys_job` (`job_id`, `job_name`, `job_group`, `invoke_target`, `cron_expression`, `misfire_policy`, `concurrent`, `status`, `create_by`, `create_time`, `update_by`, `update_time`, `remark`) VALUES
(1, '系统默认（无参）', 'DEFAULT', 'ryTask.ryNoParams', '0/10 * * * * ?', '3', '1', '1', 'admin', '2018-03-16 11:33:00', 'ry', '2018-03-16 11:33:00', ''),
(2, '系统默认（有参）', 'DEFAULT', 'ryTask.ryParams(\'ry\')', '0/15 * * * * ?', '3', '1', '1', 'admin', '2018-03-16 11:33:00', 'ry', '2018-03-16 11:33:00', ''),
(3, '系统默认（多参）', 'DEFAULT', 'ryTask.ryMultipleParams(\'ry\', true, 2000L, 316.50D, 100)', '0/20 * * * * ?', '3', '1', '1', 'admin', '2018-03-16 11:33:00', 'ry', '2018-03-16 11:33:00', '');

-- --------------------------------------------------------

--
-- 表的结构 `sys_job_log`
--

CREATE TABLE `sys_job_log` (
  `job_log_id` bigint(20) NOT NULL COMMENT '任务日志ID',
  `job_name` varchar(64) COLLATE utf8_unicode_ci NOT NULL COMMENT '任务名称',
  `job_group` varchar(64) COLLATE utf8_unicode_ci NOT NULL COMMENT '任务组名',
  `invoke_target` varchar(500) COLLATE utf8_unicode_ci NOT NULL COMMENT '调用目标字符串',
  `job_message` varchar(500) COLLATE utf8_unicode_ci DEFAULT NULL COMMENT '日志信息',
  `status` char(1) COLLATE utf8_unicode_ci DEFAULT '0' COMMENT '执行状态（0正常 1失败）',
  `exception_info` varchar(2000) COLLATE utf8_unicode_ci DEFAULT '' COMMENT '异常信息',
  `create_time` datetime DEFAULT NULL COMMENT '创建时间'
) ENGINE=InnoDB DEFAULT CHARSET=utf8 COLLATE=utf8_unicode_ci COMMENT='定时任务调度日志表';

-- --------------------------------------------------------

--
-- 表的结构 `sys_logininfor`
--

CREATE TABLE `sys_logininfor` (
  `info_id` bigint(20) NOT NULL COMMENT '访问ID',
  `login_name` varchar(50) COLLATE utf8_unicode_ci DEFAULT '' COMMENT '登录账号',
  `ipaddr` varchar(50) COLLATE utf8_unicode_ci DEFAULT '' COMMENT '登录IP地址',
  `login_location` varchar(255) COLLATE utf8_unicode_ci DEFAULT '' COMMENT '登录地点',
  `browser` varchar(50) COLLATE utf8_unicode_ci DEFAULT '' COMMENT '浏览器类型',
  `os` varchar(50) COLLATE utf8_unicode_ci DEFAULT '' COMMENT '操作系统',
  `status` char(1) COLLATE utf8_unicode_ci DEFAULT '0' COMMENT '登录状态（0成功 1失败）',
  `msg` varchar(255) COLLATE utf8_unicode_ci DEFAULT '' COMMENT '提示消息',
  `login_time` datetime DEFAULT NULL COMMENT '访问时间'
) ENGINE=InnoDB DEFAULT CHARSET=utf8 COLLATE=utf8_unicode_ci COMMENT='系统访问记录';

--
-- 转存表中的数据 `sys_logininfor`
--

INSERT INTO `sys_logininfor` (`info_id`, `login_name`, `ipaddr`, `login_location`, `browser`, `os`, `status`, `msg`, `login_time`) VALUES
(1, 'admin', '172.16.8.10', '内网IP', 'Firefox 8', 'Windows 10', '0', '登录成功', '2020-09-16 15:57:31'),
(2, 'admin', '172.16.8.10', '内网IP', 'Firefox 8', 'Windows 10', '0', '退出成功', '2020-09-16 15:57:55'),
(3, 'admin', '172.16.8.10', '内网IP', 'Firefox 8', 'Windows 10', '0', '登录成功', '2020-09-16 15:58:20'),
(4, 'admin', '172.16.8.10', '内网IP', 'Firefox 8', 'Windows 10', '1', '验证码错误', '2020-09-16 15:58:21'),
(5, 'admin', '172.16.8.10', '内网IP', 'Firefox 8', 'Windows 10', '0', '退出成功', '2020-09-16 15:58:28'),
(6, 'admin', '172.16.8.10', '内网IP', 'Firefox 8', 'Windows 10', '0', '登录成功', '2020-09-16 15:58:40'),
(7, 'admin', '172.16.8.10', '内网IP', 'Firefox 8', 'Windows 10', '1', '验证码错误', '2020-09-16 16:16:42'),
(8, 'admin', '127.0.0.1', '内网IP', 'Firefox 8', 'Windows 10', '0', '登录成功', '2020-09-16 20:08:06'),
(9, 'admin', '127.0.0.1', '内网IP', 'Firefox 8', 'Windows 10', '0', '登录成功', '2020-09-16 21:55:35'),
(10, 'admin', '127.0.0.1', '内网IP', 'Firefox 8', 'Windows 10', '0', '登录成功', '2020-09-16 23:13:19'),
(11, 'admin', '127.0.0.1', '内网IP', 'Firefox 8', 'Windows 10', '0', '登录成功', '2020-09-16 23:15:26'),
(12, 'admin', '127.0.0.1', '内网IP', 'Firefox 8', 'Windows 10', '0', '登录成功', '2020-09-17 10:11:20'),
(13, 'admin', '127.0.0.1', '内网IP', 'Firefox 8', 'Windows 10', '1', '验证码错误', '2020-09-17 10:44:15'),
(14, 'admin', '127.0.0.1', '内网IP', 'Firefox 8', 'Windows 10', '0', '登录成功', '2020-09-17 10:44:19'),
(15, '1*1', '127.0.0.1', '内网IP', 'Firefox 8', 'Windows 10', '1', '密码输入错误1次', '2020-09-17 10:58:15'),
(16, 'admin', '127.0.0.1', '内网IP', 'Firefox 8', 'Windows 10', '0', '登录成功', '2020-09-17 12:09:53'),
(17, 'admin', '127.0.0.1', '内网IP', 'Firefox 8', 'Windows 10', '0', '登录成功', '2020-09-17 12:45:19'),
(18, 'admin', '127.0.0.1', '内网IP', 'Firefox 8', 'Windows 10', '1', '验证码错误', '2020-09-17 12:45:20'),
(19, 'admin', '127.0.0.1', '内网IP', 'Firefox 8', 'Windows 10', '0', '退出成功', '2020-09-17 12:45:29'),
(20, 'admin', '127.0.0.1', '内网IP', 'Firefox 8', 'Windows 10', '0', '登录成功', '2020-09-17 12:45:40'),
(21, 'admin', '127.0.0.1', '内网IP', 'Firefox 8', 'Windows 10', '1', '验证码错误', '2020-09-17 12:45:42'),
(22, 'admin', '127.0.0.1', '内网IP', 'Firefox 8', 'Windows 10', '1', '验证码错误', '2020-09-17 13:32:46'),
(23, 'admin', '127.0.0.1', '内网IP', 'Firefox 8', 'Windows 10', '0', '登录成功', '2020-09-17 13:32:50'),
(24, 'admin', '127.0.0.1', '内网IP', 'Firefox 8', 'Windows 10', '0', '登录成功', '2020-09-17 14:47:29'),
(25, 'admin', '127.0.0.1', '内网IP', 'Firefox 8', 'Windows 10', '1', '验证码错误', '2020-09-17 15:04:40'),
(26, 'admin', '127.0.0.1', '内网IP', 'Firefox 8', 'Windows 10', '1', '验证码错误', '2020-09-17 15:04:43'),
(27, 'admin', '127.0.0.1', '内网IP', 'Firefox 8', 'Windows 10', '0', '登录成功', '2020-09-17 15:04:53'),
(28, 'admin', '127.0.0.1', '内网IP', 'Firefox 8', 'Windows 10', '0', '登录成功', '2020-09-17 15:31:44'),
(29, 'admin', '127.0.0.1', '内网IP', 'Chrome 8', 'Windows 10', '0', '登录成功', '2020-09-17 15:36:04'),
(30, 'admin', '127.0.0.1', '内网IP', 'Firefox 8', 'Windows 10', '0', '登录成功', '2020-09-20 17:02:45'),
(31, 'admin', '127.0.0.1', '内网IP', 'Firefox 8', 'Windows 10', '0', '退出成功', '2020-09-20 17:02:49'),
(32, 'admin', '127.0.0.1', '内网IP', 'Firefox 8', 'Windows 10', '0', '登录成功', '2020-09-20 17:03:27'),
(33, 'admin', '127.0.0.1', '内网IP', 'Firefox 8', 'Windows 10', '0', '登录成功', '2020-09-21 18:56:52'),
(34, 'admin', '127.0.0.1', '内网IP', 'Firefox 8', 'Windows 10', '0', '登录成功', '2020-09-21 18:58:39'),
(35, 'admin', '127.0.0.1', '内网IP', 'Firefox 8', 'Windows 10', '0', '退出成功', '2020-09-21 19:02:03'),
(36, 'admin', '127.0.0.1', '内网IP', 'Firefox 8', 'Windows 10', '0', '登录成功', '2020-09-21 19:05:25'),
(37, 'admin', '127.0.0.1', '内网IP', 'Firefox 8', 'Windows 10', '1', '验证码错误', '2020-09-21 19:06:43'),
(38, 'admin', '127.0.0.1', '内网IP', 'Firefox 8', 'Windows 10', '0', '登录成功', '2020-10-10 16:10:37'),
(39, 'admin', '127.0.0.1', '内网IP', 'Firefox 8', 'Windows 10', '0', '登录成功', '2020-10-10 16:13:27'),
(40, 'admin', '127.0.0.1', '内网IP', 'Firefox 8', 'Windows 10', '0', '登录成功', '2020-10-10 19:38:09');

-- --------------------------------------------------------

--
-- 表的结构 `sys_menu`
--

CREATE TABLE `sys_menu` (
  `menu_id` bigint(20) NOT NULL COMMENT '菜单ID',
  `menu_name` varchar(50) COLLATE utf8_unicode_ci NOT NULL COMMENT '菜单名称',
  `parent_id` bigint(20) DEFAULT '0' COMMENT '父菜单ID',
  `order_num` int(4) DEFAULT '0' COMMENT '显示顺序',
  `url` varchar(200) COLLATE utf8_unicode_ci DEFAULT '#' COMMENT '请求地址',
  `target` varchar(20) COLLATE utf8_unicode_ci DEFAULT '' COMMENT '打开方式（menuItem页签 menuBlank新窗口）',
  `menu_type` char(1) COLLATE utf8_unicode_ci DEFAULT '' COMMENT '菜单类型（M目录 C菜单 F按钮）',
  `visible` char(1) COLLATE utf8_unicode_ci DEFAULT '0' COMMENT '菜单状态（0显示 1隐藏）',
  `perms` varchar(100) COLLATE utf8_unicode_ci DEFAULT NULL COMMENT '权限标识',
  `icon` varchar(100) COLLATE utf8_unicode_ci DEFAULT '#' COMMENT '菜单图标',
  `create_by` varchar(64) COLLATE utf8_unicode_ci DEFAULT '' COMMENT '创建者',
  `create_time` datetime DEFAULT NULL COMMENT '创建时间',
  `update_by` varchar(64) COLLATE utf8_unicode_ci DEFAULT '' COMMENT '更新者',
  `update_time` datetime DEFAULT NULL COMMENT '更新时间',
  `remark` varchar(500) COLLATE utf8_unicode_ci DEFAULT '' COMMENT '备注'
) ENGINE=InnoDB DEFAULT CHARSET=utf8 COLLATE=utf8_unicode_ci COMMENT='菜单权限表';

--
-- 转存表中的数据 `sys_menu`
--

INSERT INTO `sys_menu` (`menu_id`, `menu_name`, `parent_id`, `order_num`, `url`, `target`, `menu_type`, `visible`, `perms`, `icon`, `create_by`, `create_time`, `update_by`, `update_time`, `remark`) VALUES
(1, '系统管理', 0, 1, '#', '', 'M', '0', '', 'fa fa-gear', 'admin', '2018-03-16 11:33:00', 'ry', '2018-03-16 11:33:00', '系统管理目录'),
(2, '系统监控', 0, 2, '#', '', 'M', '0', '', 'fa fa-video-camera', 'admin', '2018-03-16 11:33:00', 'ry', '2018-03-16 11:33:00', '系统监控目录'),
(3, '系统工具', 0, 3, '#', '', 'M', '0', '', 'fa fa-bars', 'admin', '2018-03-16 11:33:00', 'ry', '2018-03-16 11:33:00', '系统工具目录'),
(4, '若依官网', 0, 4, 'http://ruoyi.vip', 'menuBlank', 'C', '0', '', 'fa fa-location-arrow', 'admin', '2018-03-16 11:33:00', 'ry', '2018-03-16 11:33:00', '若依官网地址'),
(100, '用户管理', 1, 1, '/system/user', '', 'C', '0', 'system:user:view', 'fa fa-user-o', 'admin', '2018-03-16 11:33:00', 'ry', '2018-03-16 11:33:00', '用户管理菜单'),
(101, '角色管理', 1, 2, '/system/role', '', 'C', '0', 'system:role:view', 'fa fa-user-secret', 'admin', '2018-03-16 11:33:00', 'ry', '2018-03-16 11:33:00', '角色管理菜单'),
(102, '菜单管理', 1, 3, '/system/menu', '', 'C', '0', 'system:menu:view', 'fa fa-th-list', 'admin', '2018-03-16 11:33:00', 'ry', '2018-03-16 11:33:00', '菜单管理菜单'),
(103, '部门管理', 1, 4, '/system/dept', '', 'C', '0', 'system:dept:view', 'fa fa-outdent', 'admin', '2018-03-16 11:33:00', 'ry', '2018-03-16 11:33:00', '部门管理菜单'),
(104, '岗位管理', 1, 5, '/system/post', '', 'C', '0', 'system:post:view', 'fa fa-address-card-o', 'admin', '2018-03-16 11:33:00', 'ry', '2018-03-16 11:33:00', '岗位管理菜单'),
(105, '字典管理', 1, 6, '/system/dict', '', 'C', '0', 'system:dict:view', 'fa fa-bookmark-o', 'admin', '2018-03-16 11:33:00', 'ry', '2018-03-16 11:33:00', '字典管理菜单'),
(106, '参数设置', 1, 7, '/system/config', '', 'C', '0', 'system:config:view', 'fa fa-sun-o', 'admin', '2018-03-16 11:33:00', 'ry', '2018-03-16 11:33:00', '参数设置菜单'),
(107, '通知公告', 1, 8, '/system/notice', '', 'C', '0', 'system:notice:view', 'fa fa-bullhorn', 'admin', '2018-03-16 11:33:00', 'ry', '2018-03-16 11:33:00', '通知公告菜单'),
(108, '日志管理', 1, 9, '#', '', 'M', '0', '', 'fa fa-pencil-square-o', 'admin', '2018-03-16 11:33:00', 'ry', '2018-03-16 11:33:00', '日志管理菜单'),
(109, '在线用户', 2, 1, '/monitor/online', '', 'C', '0', 'monitor:online:view', 'fa fa-user-circle', 'admin', '2018-03-16 11:33:00', 'ry', '2018-03-16 11:33:00', '在线用户菜单'),
(110, '定时任务', 2, 2, '/monitor/job', '', 'C', '0', 'monitor:job:view', 'fa fa-tasks', 'admin', '2018-03-16 11:33:00', 'ry', '2018-03-16 11:33:00', '定时任务菜单'),
(111, '数据监控', 2, 3, '/monitor/data', '', 'C', '0', 'monitor:data:view', 'fa fa-bug', 'admin', '2018-03-16 11:33:00', 'ry', '2018-03-16 11:33:00', '数据监控菜单'),
(112, '服务监控', 2, 3, '/monitor/server', '', 'C', '0', 'monitor:server:view', 'fa fa-server', 'admin', '2018-03-16 11:33:00', 'ry', '2018-03-16 11:33:00', '服务监控菜单'),
(113, '表单构建', 3, 1, '/tool/build', '', 'C', '0', 'tool:build:view', 'fa fa-wpforms', 'admin', '2018-03-16 11:33:00', 'ry', '2018-03-16 11:33:00', '表单构建菜单'),
(114, '代码生成', 3, 2, '/tool/gen', '', 'C', '0', 'tool:gen:view', 'fa fa-code', 'admin', '2018-03-16 11:33:00', 'ry', '2018-03-16 11:33:00', '代码生成菜单'),
(115, '系统接口', 3, 3, '/tool/swagger', '', 'C', '0', 'tool:swagger:view', 'fa fa-gg', 'admin', '2018-03-16 11:33:00', 'ry', '2018-03-16 11:33:00', '系统接口菜单'),
(500, '操作日志', 108, 1, '/monitor/operlog', '', 'C', '0', 'monitor:operlog:view', 'fa fa-address-book', 'admin', '2018-03-16 11:33:00', 'ry', '2018-03-16 11:33:00', '操作日志菜单'),
(501, '登录日志', 108, 2, '/monitor/logininfor', '', 'C', '0', 'monitor:logininfor:view', 'fa fa-file-image-o', 'admin', '2018-03-16 11:33:00', 'ry', '2018-03-16 11:33:00', '登录日志菜单'),
(1000, '用户查询', 100, 1, '#', '', 'F', '0', 'system:user:list', '#', 'admin', '2018-03-16 11:33:00', 'ry', '2018-03-16 11:33:00', ''),
(1001, '用户新增', 100, 2, '#', '', 'F', '0', 'system:user:add', '#', 'admin', '2018-03-16 11:33:00', 'ry', '2018-03-16 11:33:00', ''),
(1002, '用户修改', 100, 3, '#', '', 'F', '0', 'system:user:edit', '#', 'admin', '2018-03-16 11:33:00', 'ry', '2018-03-16 11:33:00', ''),
(1003, '用户删除', 100, 4, '#', '', 'F', '0', 'system:user:remove', '#', 'admin', '2018-03-16 11:33:00', 'ry', '2018-03-16 11:33:00', ''),
(1004, '用户导出', 100, 5, '#', '', 'F', '0', 'system:user:export', '#', 'admin', '2018-03-16 11:33:00', 'ry', '2018-03-16 11:33:00', ''),
(1005, '用户导入', 100, 6, '#', '', 'F', '0', 'system:user:import', '#', 'admin', '2018-03-16 11:33:00', 'ry', '2018-03-16 11:33:00', ''),
(1006, '重置密码', 100, 7, '#', '', 'F', '0', 'system:user:resetPwd', '#', 'admin', '2018-03-16 11:33:00', 'ry', '2018-03-16 11:33:00', ''),
(1007, '角色查询', 101, 1, '#', '', 'F', '0', 'system:role:list', '#', 'admin', '2018-03-16 11:33:00', 'ry', '2018-03-16 11:33:00', ''),
(1008, '角色新增', 101, 2, '#', '', 'F', '0', 'system:role:add', '#', 'admin', '2018-03-16 11:33:00', 'ry', '2018-03-16 11:33:00', ''),
(1009, '角色修改', 101, 3, '#', '', 'F', '0', 'system:role:edit', '#', 'admin', '2018-03-16 11:33:00', 'ry', '2018-03-16 11:33:00', ''),
(1010, '角色删除', 101, 4, '#', '', 'F', '0', 'system:role:remove', '#', 'admin', '2018-03-16 11:33:00', 'ry', '2018-03-16 11:33:00', ''),
(1011, '角色导出', 101, 5, '#', '', 'F', '0', 'system:role:export', '#', 'admin', '2018-03-16 11:33:00', 'ry', '2018-03-16 11:33:00', ''),
(1012, '菜单查询', 102, 1, '#', '', 'F', '0', 'system:menu:list', '#', 'admin', '2018-03-16 11:33:00', 'ry', '2018-03-16 11:33:00', ''),
(1013, '菜单新增', 102, 2, '#', '', 'F', '0', 'system:menu:add', '#', 'admin', '2018-03-16 11:33:00', 'ry', '2018-03-16 11:33:00', ''),
(1014, '菜单修改', 102, 3, '#', '', 'F', '0', 'system:menu:edit', '#', 'admin', '2018-03-16 11:33:00', 'ry', '2018-03-16 11:33:00', ''),
(1015, '菜单删除', 102, 4, '#', '', 'F', '0', 'system:menu:remove', '#', 'admin', '2018-03-16 11:33:00', 'ry', '2018-03-16 11:33:00', ''),
(1016, '部门查询', 103, 1, '#', '', 'F', '0', 'system:dept:list', '#', 'admin', '2018-03-16 11:33:00', 'ry', '2018-03-16 11:33:00', ''),
(1017, '部门新增', 103, 2, '#', '', 'F', '0', 'system:dept:add', '#', 'admin', '2018-03-16 11:33:00', 'ry', '2018-03-16 11:33:00', ''),
(1018, '部门修改', 103, 3, '#', '', 'F', '0', 'system:dept:edit', '#', 'admin', '2018-03-16 11:33:00', 'ry', '2018-03-16 11:33:00', ''),
(1019, '部门删除', 103, 4, '#', '', 'F', '0', 'system:dept:remove', '#', 'admin', '2018-03-16 11:33:00', 'ry', '2018-03-16 11:33:00', ''),
(1020, '岗位查询', 104, 1, '#', '', 'F', '0', 'system:post:list', '#', 'admin', '2018-03-16 11:33:00', 'ry', '2018-03-16 11:33:00', ''),
(1021, '岗位新增', 104, 2, '#', '', 'F', '0', 'system:post:add', '#', 'admin', '2018-03-16 11:33:00', 'ry', '2018-03-16 11:33:00', ''),
(1022, '岗位修改', 104, 3, '#', '', 'F', '0', 'system:post:edit', '#', 'admin', '2018-03-16 11:33:00', 'ry', '2018-03-16 11:33:00', ''),
(1023, '岗位删除', 104, 4, '#', '', 'F', '0', 'system:post:remove', '#', 'admin', '2018-03-16 11:33:00', 'ry', '2018-03-16 11:33:00', ''),
(1024, '岗位导出', 104, 5, '#', '', 'F', '0', 'system:post:export', '#', 'admin', '2018-03-16 11:33:00', 'ry', '2018-03-16 11:33:00', ''),
(1025, '字典查询', 105, 1, '#', '', 'F', '0', 'system:dict:list', '#', 'admin', '2018-03-16 11:33:00', 'ry', '2018-03-16 11:33:00', ''),
(1026, '字典新增', 105, 2, '#', '', 'F', '0', 'system:dict:add', '#', 'admin', '2018-03-16 11:33:00', 'ry', '2018-03-16 11:33:00', ''),
(1027, '字典修改', 105, 3, '#', '', 'F', '0', 'system:dict:edit', '#', 'admin', '2018-03-16 11:33:00', 'ry', '2018-03-16 11:33:00', ''),
(1028, '字典删除', 105, 4, '#', '', 'F', '0', 'system:dict:remove', '#', 'admin', '2018-03-16 11:33:00', 'ry', '2018-03-16 11:33:00', ''),
(1029, '字典导出', 105, 5, '#', '', 'F', '0', 'system:dict:export', '#', 'admin', '2018-03-16 11:33:00', 'ry', '2018-03-16 11:33:00', ''),
(1030, '参数查询', 106, 1, '#', '', 'F', '0', 'system:config:list', '#', 'admin', '2018-03-16 11:33:00', 'ry', '2018-03-16 11:33:00', ''),
(1031, '参数新增', 106, 2, '#', '', 'F', '0', 'system:config:add', '#', 'admin', '2018-03-16 11:33:00', 'ry', '2018-03-16 11:33:00', ''),
(1032, '参数修改', 106, 3, '#', '', 'F', '0', 'system:config:edit', '#', 'admin', '2018-03-16 11:33:00', 'ry', '2018-03-16 11:33:00', ''),
(1033, '参数删除', 106, 4, '#', '', 'F', '0', 'system:config:remove', '#', 'admin', '2018-03-16 11:33:00', 'ry', '2018-03-16 11:33:00', ''),
(1034, '参数导出', 106, 5, '#', '', 'F', '0', 'system:config:export', '#', 'admin', '2018-03-16 11:33:00', 'ry', '2018-03-16 11:33:00', ''),
(1035, '公告查询', 107, 1, '#', '', 'F', '0', 'system:notice:list', '#', 'admin', '2018-03-16 11:33:00', 'ry', '2018-03-16 11:33:00', ''),
(1036, '公告新增', 107, 2, '#', '', 'F', '0', 'system:notice:add', '#', 'admin', '2018-03-16 11:33:00', 'ry', '2018-03-16 11:33:00', ''),
(1037, '公告修改', 107, 3, '#', '', 'F', '0', 'system:notice:edit', '#', 'admin', '2018-03-16 11:33:00', 'ry', '2018-03-16 11:33:00', ''),
(1038, '公告删除', 107, 4, '#', '', 'F', '0', 'system:notice:remove', '#', 'admin', '2018-03-16 11:33:00', 'ry', '2018-03-16 11:33:00', ''),
(1039, '操作查询', 500, 1, '#', '', 'F', '0', 'monitor:operlog:list', '#', 'admin', '2018-03-16 11:33:00', 'ry', '2018-03-16 11:33:00', ''),
(1040, '操作删除', 500, 2, '#', '', 'F', '0', 'monitor:operlog:remove', '#', 'admin', '2018-03-16 11:33:00', 'ry', '2018-03-16 11:33:00', ''),
(1041, '详细信息', 500, 3, '#', '', 'F', '0', 'monitor:operlog:detail', '#', 'admin', '2018-03-16 11:33:00', 'ry', '2018-03-16 11:33:00', ''),
(1042, '日志导出', 500, 4, '#', '', 'F', '0', 'monitor:operlog:export', '#', 'admin', '2018-03-16 11:33:00', 'ry', '2018-03-16 11:33:00', ''),
(1043, '登录查询', 501, 1, '#', '', 'F', '0', 'monitor:logininfor:list', '#', 'admin', '2018-03-16 11:33:00', 'ry', '2018-03-16 11:33:00', ''),
(1044, '登录删除', 501, 2, '#', '', 'F', '0', 'monitor:logininfor:remove', '#', 'admin', '2018-03-16 11:33:00', 'ry', '2018-03-16 11:33:00', ''),
(1045, '日志导出', 501, 3, '#', '', 'F', '0', 'monitor:logininfor:export', '#', 'admin', '2018-03-16 11:33:00', 'ry', '2018-03-16 11:33:00', ''),
(1046, '账户解锁', 501, 4, '#', '', 'F', '0', 'monitor:logininfor:unlock', '#', 'admin', '2018-03-16 11:33:00', 'ry', '2018-03-16 11:33:00', ''),
(1047, '在线查询', 109, 1, '#', '', 'F', '0', 'monitor:online:list', '#', 'admin', '2018-03-16 11:33:00', 'ry', '2018-03-16 11:33:00', ''),
(1048, '批量强退', 109, 2, '#', '', 'F', '0', 'monitor:online:batchForceLogout', '#', 'admin', '2018-03-16 11:33:00', 'ry', '2018-03-16 11:33:00', ''),
(1049, '单条强退', 109, 3, '#', '', 'F', '0', 'monitor:online:forceLogout', '#', 'admin', '2018-03-16 11:33:00', 'ry', '2018-03-16 11:33:00', ''),
(1050, '任务查询', 110, 1, '#', '', 'F', '0', 'monitor:job:list', '#', 'admin', '2018-03-16 11:33:00', 'ry', '2018-03-16 11:33:00', ''),
(1051, '任务新增', 110, 2, '#', '', 'F', '0', 'monitor:job:add', '#', 'admin', '2018-03-16 11:33:00', 'ry', '2018-03-16 11:33:00', ''),
(1052, '任务修改', 110, 3, '#', '', 'F', '0', 'monitor:job:edit', '#', 'admin', '2018-03-16 11:33:00', 'ry', '2018-03-16 11:33:00', ''),
(1053, '任务删除', 110, 4, '#', '', 'F', '0', 'monitor:job:remove', '#', 'admin', '2018-03-16 11:33:00', 'ry', '2018-03-16 11:33:00', ''),
(1054, '状态修改', 110, 5, '#', '', 'F', '0', 'monitor:job:changeStatus', '#', 'admin', '2018-03-16 11:33:00', 'ry', '2018-03-16 11:33:00', ''),
(1055, '任务详细', 110, 6, '#', '', 'F', '0', 'monitor:job:detail', '#', 'admin', '2018-03-16 11:33:00', 'ry', '2018-03-16 11:33:00', ''),
(1056, '任务导出', 110, 7, '#', '', 'F', '0', 'monitor:job:export', '#', 'admin', '2018-03-16 11:33:00', 'ry', '2018-03-16 11:33:00', ''),
(1057, '生成查询', 114, 1, '#', '', 'F', '0', 'tool:gen:list', '#', 'admin', '2018-03-16 11:33:00', 'ry', '2018-03-16 11:33:00', ''),
(1058, '生成修改', 114, 2, '#', '', 'F', '0', 'tool:gen:edit', '#', 'admin', '2018-03-16 11:33:00', 'ry', '2018-03-16 11:33:00', ''),
(1059, '生成删除', 114, 3, '#', '', 'F', '0', 'tool:gen:remove', '#', 'admin', '2018-03-16 11:33:00', 'ry', '2018-03-16 11:33:00', ''),
(1060, '预览代码', 114, 4, '#', '', 'F', '0', 'tool:gen:preview', '#', 'admin', '2018-03-16 11:33:00', 'ry', '2018-03-16 11:33:00', ''),
(1061, '生成代码', 114, 5, '#', '', 'F', '0', 'tool:gen:code', '#', 'admin', '2018-03-16 11:33:00', 'ry', '2018-03-16 11:33:00', '');

-- --------------------------------------------------------

--
-- 表的结构 `sys_notice`
--

CREATE TABLE `sys_notice` (
  `notice_id` int(4) NOT NULL COMMENT '公告ID',
  `notice_title` varchar(50) COLLATE utf8_unicode_ci NOT NULL COMMENT '公告标题',
  `notice_type` char(1) COLLATE utf8_unicode_ci NOT NULL COMMENT '公告类型（1通知 2公告）',
  `notice_content` varchar(2000) COLLATE utf8_unicode_ci DEFAULT NULL COMMENT '公告内容',
  `status` char(1) COLLATE utf8_unicode_ci DEFAULT '0' COMMENT '公告状态（0正常 1关闭）',
  `create_by` varchar(64) COLLATE utf8_unicode_ci DEFAULT '' COMMENT '创建者',
  `create_time` datetime DEFAULT NULL COMMENT '创建时间',
  `update_by` varchar(64) COLLATE utf8_unicode_ci DEFAULT '' COMMENT '更新者',
  `update_time` datetime DEFAULT NULL COMMENT '更新时间',
  `remark` varchar(255) COLLATE utf8_unicode_ci DEFAULT NULL COMMENT '备注'
) ENGINE=InnoDB DEFAULT CHARSET=utf8 COLLATE=utf8_unicode_ci COMMENT='通知公告表';

--
-- 转存表中的数据 `sys_notice`
--

INSERT INTO `sys_notice` (`notice_id`, `notice_title`, `notice_type`, `notice_content`, `status`, `create_by`, `create_time`, `update_by`, `update_time`, `remark`) VALUES
(1, '温馨提醒：2018-07-01 若依新版本发布啦', '2', '新版本内容', '0', 'admin', '2018-03-16 11:33:00', 'ry', '2018-03-16 11:33:00', '管理员'),
(2, '维护通知：2018-07-01 若依系统凌晨维护', '1', '维护内容', '0', 'admin', '2018-03-16 11:33:00', 'ry', '2018-03-16 11:33:00', '管理员');

-- --------------------------------------------------------

--
-- 表的结构 `sys_oper_log`
--

CREATE TABLE `sys_oper_log` (
  `oper_id` bigint(20) NOT NULL COMMENT '日志主键',
  `title` varchar(50) COLLATE utf8_unicode_ci DEFAULT '' COMMENT '模块标题',
  `business_type` int(2) DEFAULT '0' COMMENT '业务类型（0其它 1新增 2修改 3删除）',
  `method` varchar(100) COLLATE utf8_unicode_ci DEFAULT '' COMMENT '方法名称',
  `request_method` varchar(10) COLLATE utf8_unicode_ci DEFAULT '' COMMENT '请求方式',
  `operator_type` int(1) DEFAULT '0' COMMENT '操作类别（0其它 1后台用户 2手机端用户）',
  `oper_name` varchar(50) COLLATE utf8_unicode_ci DEFAULT '' COMMENT '操作人员',
  `dept_name` varchar(50) COLLATE utf8_unicode_ci DEFAULT '' COMMENT '部门名称',
  `oper_url` varchar(255) COLLATE utf8_unicode_ci DEFAULT '' COMMENT '请求URL',
  `oper_ip` varchar(50) COLLATE utf8_unicode_ci DEFAULT '' COMMENT '主机地址',
  `oper_location` varchar(255) COLLATE utf8_unicode_ci DEFAULT '' COMMENT '操作地点',
  `oper_param` varchar(2000) COLLATE utf8_unicode_ci DEFAULT '' COMMENT '请求参数',
  `json_result` varchar(2000) COLLATE utf8_unicode_ci DEFAULT '' COMMENT '返回参数',
  `status` int(1) DEFAULT '0' COMMENT '操作状态（0正常 1异常）',
  `error_msg` varchar(2000) COLLATE utf8_unicode_ci DEFAULT '' COMMENT '错误消息',
  `oper_time` datetime DEFAULT NULL COMMENT '操作时间'
) ENGINE=InnoDB DEFAULT CHARSET=utf8 COLLATE=utf8_unicode_ci COMMENT='操作日志记录';

--
-- 转存表中的数据 `sys_oper_log`
--

INSERT INTO `sys_oper_log` (`oper_id`, `title`, `business_type`, `method`, `request_method`, `operator_type`, `oper_name`, `dept_name`, `oper_url`, `oper_ip`, `oper_location`, `oper_param`, `json_result`, `status`, `error_msg`, `oper_time`) VALUES
(1, '个人信息', 2, 'com.ruoyi.web.controller.system.SysProfileController.update()', 'POST', 1, 'admin', '研发部门', '/system/user/profile/update', '127.0.0.1', '内网IP', '{\"id\":[\"\"],\"userName\":[\"1*1\"],\"phonenumber\":[\"15888888888\"],\"email\":[\"ry@163.com\"],\"sex\":[\"1\"]}', '{\r\n  \"msg\" : \"操作成功\",\r\n  \"code\" : 0\r\n}', 0, NULL, '2020-09-17 10:13:21'),
(2, '角色管理', 2, 'com.ruoyi.web.controller.system.SysRoleController.editSave()', 'POST', 1, 'admin', '研发部门', '/system/role/edit', '127.0.0.1', '内网IP', '{\"roleId\":[\"1\"],\"roleName\":[\"超级管理员\"],\"roleKey\":[\"1*1\"],\"roleSort\":[\"1\"],\"status\":[\"0\"],\"remark\":[\"超级管理员\"],\"menuIds\":[\"\"]}', 'null', 1, '不允许操作超级管理员角色', '2020-09-17 10:54:48'),
(3, '角色管理', 1, 'com.ruoyi.web.controller.system.SysRoleController.addSave()', 'POST', 1, 'admin', '研发部门', '/system/role/add', '127.0.0.1', '内网IP', '{\"roleName\":[\"aaa\"],\"roleKey\":[\"1*1\"],\"roleSort\":[\"1\"],\"status\":[\"0\"],\"remark\":[\"\"],\"menuIds\":[\"\"]}', '{\r\n  \"msg\" : \"操作成功\",\r\n  \"code\" : 0\r\n}', 0, NULL, '2020-09-17 10:55:06'),
(4, '角色管理', 2, 'com.ruoyi.web.controller.system.SysRoleController.editSave()', 'POST', 1, 'admin', '研发部门', '/system/role/edit', '127.0.0.1', '内网IP', '{\"roleId\":[\"3\"],\"roleName\":[\"aaa\"],\"roleKey\":[\"1*1\"],\"roleSort\":[\"1\"],\"status\":[\"0\"],\"remark\":[\"\"],\"menuIds\":[\"4\"]}', '{\r\n  \"msg\" : \"操作成功\",\r\n  \"code\" : 0\r\n}', 0, NULL, '2020-09-17 10:55:42'),
(5, '角色管理', 2, 'com.ruoyi.web.controller.system.SysRoleController.authDataScopeSave()', 'POST', 1, 'admin', '研发部门', '/system/role/authDataScope', '127.0.0.1', '内网IP', '{\"roleId\":[\"3\"],\"roleName\":[\"aaa\"],\"roleKey\":[\"1*1\"],\"dataScope\":[\"1\"],\"deptIds\":[\"\"]}', '{\r\n  \"msg\" : \"操作成功\",\r\n  \"code\" : 0\r\n}', 0, NULL, '2020-09-17 10:55:50'),
(6, '角色管理', 4, 'com.ruoyi.web.controller.system.SysRoleController.selectAuthUserAll()', 'POST', 1, 'admin', '研发部门', '/system/role/authUser/selectAll', '127.0.0.1', '内网IP', '{\"roleId\":[\"3\"],\"userIds\":[\"1\"]}', '{\r\n  \"msg\" : \"操作成功\",\r\n  \"code\" : 0\r\n}', 0, NULL, '2020-09-17 10:56:17'),
(7, '用户管理', 1, 'com.ruoyi.web.controller.system.SysUserController.addSave()', 'POST', 1, 'admin', '研发部门', '/system/user/add', '127.0.0.1', '内网IP', '{\"deptId\":[\"103\"],\"userName\":[\"1*1\"],\"deptName\":[\"研发部门\"],\"phonenumber\":[\"15369874259\"],\"email\":[\"8888@qq.com\"],\"loginName\":[\"1*1\"],\"sex\":[\"0\"],\"remark\":[\"\"],\"status\":[\"0\"],\"roleIds\":[\"\"],\"postIds\":[\"\"]}', '{\r\n  \"msg\" : \"操作成功\",\r\n  \"code\" : 0\r\n}', 0, NULL, '2020-09-17 10:57:42'),
(8, '个人信息', 2, 'com.ruoyi.web.controller.system.SysProfileController.update()', 'POST', 1, 'admin', '研发部门', '/system/user/profile/update', '127.0.0.1', '内网IP', '{\"id\":[\"\"],\"userName\":[\"1*1\"],\"phonenumber\":[\"15888888888\"],\"email\":[\"ry@163.com\"],\"sex\":[\"1\"]}', '{\r\n  \"msg\" : \"操作成功\",\r\n  \"code\" : 0\r\n}', 0, NULL, '2020-09-17 11:00:09'),
(9, '个人信息', 2, 'com.ruoyi.web.controller.system.SysProfileController.update()', 'POST', 1, 'admin', '研发部门', '/system/user/profile/update', '127.0.0.1', '内网IP', '{\"id\":[\"\"],\"userName\":[\"1*1\"],\"phonenumber\":[\"15888888888\"],\"email\":[\"ry@163.com\"],\"sex\":[\"1\"]}', '{\r\n  \"msg\" : \"操作成功\",\r\n  \"code\" : 0\r\n}', 0, NULL, '2020-09-17 11:01:31'),
(10, '个人信息', 2, 'com.ruoyi.web.controller.system.SysProfileController.update()', 'POST', 1, 'admin', '研发部门', '/system/user/profile/update', '127.0.0.1', '内网IP', '{\"id\":[\"\"],\"userName\":[\"1*1\"],\"phonenumber\":[\"15888*88888\"],\"email\":[\"ry@163.com\"],\"sex\":[\"1\"]}', '{\r\n  \"msg\" : \"操作成功\",\r\n  \"code\" : 0\r\n}', 0, NULL, '2020-09-17 11:02:21'),
(11, '个人信息', 2, 'com.ruoyi.web.controller.system.SysProfileController.update()', 'POST', 1, 'admin', '研发部门', '/system/user/profile/update', '127.0.0.1', '内网IP', '{\"id\":[\"\"],\"userName\":[\"1*1\"],\"phonenumber\":[\"${5888*888}\"],\"email\":[\"ry@163.com\"],\"sex\":[\"1\"]}', '{\r\n  \"msg\" : \"操作成功\",\r\n  \"code\" : 0\r\n}', 0, NULL, '2020-09-17 11:02:40'),
(12, '个人信息', 2, 'com.ruoyi.web.controller.system.SysProfileController.update()', 'POST', 1, 'admin', '研发部门', '/system/user/profile/update', '127.0.0.1', '内网IP', '{\"id\":[\"\"],\"userName\":[\"1*1\"],\"phonenumber\":[\"[[${5888*888}]]\"],\"email\":[\"ry@163.com\"],\"sex\":[\"1\"]}', 'null', 1, '\r\n### Error updating database.  Cause: com.mysql.cj.jdbc.exceptions.MysqlDataTruncation: Data truncation: Data too long for column \'phonenumber\' at row 1\r\n### The error may involve com.ruoyi.system.mapper.SysUserMapper.updateUser-Inline\r\n### The error occurred while setting parameters\r\n### SQL: update sys_user     SET dept_id = ?,     login_name = ?,     user_name = ?,     user_type = ?,     email = ?,     phonenumber = ?,     sex = ?,          password = ?,     salt = ?,     status = ?,     login_ip = ?,     login_date = ?,          remark = ?,     update_time = sysdate()     where user_id = ?\r\n### Cause: com.mysql.cj.jdbc.exceptions.MysqlDataTruncation: Data truncation: Data too long for column \'phonenumber\' at row 1\n; Data truncation: Data too long for column \'phonenumber\' at row 1; nested exception is com.mysql.cj.jdbc.exceptions.MysqlDataTruncation: Data truncation: Data too long for column \'phonenumber\' at row 1', '2020-09-17 11:03:26'),
(13, '个人信息', 2, 'com.ruoyi.web.controller.system.SysProfileController.update()', 'POST', 1, 'admin', '研发部门', '/system/user/profile/update', '127.0.0.1', '内网IP', '{\"id\":[\"\"],\"userName\":[\"1*1\"],\"phonenumber\":[\"[[5888*888]]\"],\"email\":[\"ry@163.com\"],\"sex\":[\"1\"]}', 'null', 1, '\r\n### Error updating database.  Cause: com.mysql.cj.jdbc.exceptions.MysqlDataTruncation: Data truncation: Data too long for column \'phonenumber\' at row 1\r\n### The error may involve com.ruoyi.system.mapper.SysUserMapper.updateUser-Inline\r\n### The error occurred while setting parameters\r\n### SQL: update sys_user     SET dept_id = ?,     login_name = ?,     user_name = ?,     user_type = ?,     email = ?,     phonenumber = ?,     sex = ?,          password = ?,     salt = ?,     status = ?,     login_ip = ?,     login_date = ?,          remark = ?,     update_time = sysdate()     where user_id = ?\r\n### Cause: com.mysql.cj.jdbc.exceptions.MysqlDataTruncation: Data truncation: Data too long for column \'phonenumber\' at row 1\n; Data truncation: Data too long for column \'phonenumber\' at row 1; nested exception is com.mysql.cj.jdbc.exceptions.MysqlDataTruncation: Data truncation: Data too long for column \'phonenumber\' at row 1', '2020-09-17 11:03:38'),
(14, '个人信息', 2, 'com.ruoyi.web.controller.system.SysProfileController.update()', 'POST', 1, 'admin', '研发部门', '/system/user/profile/update', '127.0.0.1', '内网IP', '{\"id\":[\"\"],\"userName\":[\"1*1\"],\"phonenumber\":[\"[5888*888]]\"],\"email\":[\"ry@163.com\"],\"sex\":[\"1\"]}', '{\r\n  \"msg\" : \"操作成功\",\r\n  \"code\" : 0\r\n}', 0, NULL, '2020-09-17 11:03:57'),
(15, '个人信息', 2, 'com.ruoyi.web.controller.system.SysProfileController.update()', 'POST', 1, 'admin', '研发部门', '/system/user/profile/update', '127.0.0.1', '内网IP', '{\"id\":[\"\"],\"userName\":[\"1*1\"],\"phonenumber\":[\"[[88*88]]\"],\"email\":[\"ry@163.com\"],\"sex\":[\"1\"]}', '{\r\n  \"msg\" : \"操作成功\",\r\n  \"code\" : 0\r\n}', 0, NULL, '2020-09-17 11:04:07'),
(16, '个人信息', 2, 'com.ruoyi.web.controller.system.SysProfileController.update()', 'POST', 1, 'admin', '研发部门', '/system/user/profile/update', '127.0.0.1', '内网IP', '{\"id\":[\"\"],\"userName\":[\"1*1\"],\"phonenumber\":[\"[[${5888*888}]]\"],\"email\":[\"ry@163.com\"],\"sex\":[\"1\"]}', 'null', 1, '\r\n### Error updating database.  Cause: com.mysql.cj.jdbc.exceptions.MysqlDataTruncation: Data truncation: Data too long for column \'phonenumber\' at row 1\r\n### The error may involve com.ruoyi.system.mapper.SysUserMapper.updateUser-Inline\r\n### The error occurred while setting parameters\r\n### SQL: update sys_user     SET dept_id = ?,     login_name = ?,     user_name = ?,     user_type = ?,     email = ?,     phonenumber = ?,     sex = ?,          password = ?,     salt = ?,     status = ?,     login_ip = ?,     login_date = ?,          remark = ?,     update_time = sysdate()     where user_id = ?\r\n### Cause: com.mysql.cj.jdbc.exceptions.MysqlDataTruncation: Data truncation: Data too long for column \'phonenumber\' at row 1\n; Data truncation: Data too long for column \'phonenumber\' at row 1; nested exception is com.mysql.cj.jdbc.exceptions.MysqlDataTruncation: Data truncation: Data too long for column \'phonenumber\' at row 1', '2020-09-17 11:04:22'),
(17, '个人信息', 2, 'com.ruoyi.web.controller.system.SysProfileController.update()', 'POST', 1, 'admin', '研发部门', '/system/user/profile/update', '127.0.0.1', '内网IP', '{\"id\":[\"\"],\"userName\":[\"1*1\"],\"phonenumber\":[\"[[${8*888}]]\"],\"email\":[\"ry@163.com\"],\"sex\":[\"1\"]}', 'null', 1, '\r\n### Error updating database.  Cause: com.mysql.cj.jdbc.exceptions.MysqlDataTruncation: Data truncation: Data too long for column \'phonenumber\' at row 1\r\n### The error may involve com.ruoyi.system.mapper.SysUserMapper.updateUser-Inline\r\n### The error occurred while setting parameters\r\n### SQL: update sys_user     SET dept_id = ?,     login_name = ?,     user_name = ?,     user_type = ?,     email = ?,     phonenumber = ?,     sex = ?,          password = ?,     salt = ?,     status = ?,     login_ip = ?,     login_date = ?,          remark = ?,     update_time = sysdate()     where user_id = ?\r\n### Cause: com.mysql.cj.jdbc.exceptions.MysqlDataTruncation: Data truncation: Data too long for column \'phonenumber\' at row 1\n; Data truncation: Data too long for column \'phonenumber\' at row 1; nested exception is com.mysql.cj.jdbc.exceptions.MysqlDataTruncation: Data truncation: Data too long for column \'phonenumber\' at row 1', '2020-09-17 11:04:26'),
(18, '个人信息', 2, 'com.ruoyi.web.controller.system.SysProfileController.update()', 'POST', 1, 'admin', '研发部门', '/system/user/profile/update', '127.0.0.1', '内网IP', '{\"id\":[\"\"],\"userName\":[\"1*1\"],\"phonenumber\":[\"[[${8*88}]]\"],\"email\":[\"ry@163.com\"],\"sex\":[\"1\"]}', '{\r\n  \"msg\" : \"操作成功\",\r\n  \"code\" : 0\r\n}', 0, NULL, '2020-09-17 11:04:33'),
(19, '个人信息', 2, 'com.ruoyi.web.controller.system.SysProfileController.update()', 'POST', 1, 'admin', '研发部门', '/system/user/profile/update', '127.0.0.1', '内网IP', '{\"id\":[\"\"],\"userName\":[\"1*1\"],\"phonenumber\":[\"[[${T(java.lang.Runtime).getRuntime().exec(\\\"calc\\\")}]]\"],\"email\":[\"ry@163.com\"],\"sex\":[\"1\"]}', 'null', 1, '\r\n### Error updating database.  Cause: com.mysql.cj.jdbc.exceptions.MysqlDataTruncation: Data truncation: Data too long for column \'phonenumber\' at row 1\r\n### The error may involve com.ruoyi.system.mapper.SysUserMapper.updateUser-Inline\r\n### The error occurred while setting parameters\r\n### SQL: update sys_user     SET dept_id = ?,     login_name = ?,     user_name = ?,     user_type = ?,     email = ?,     phonenumber = ?,     sex = ?,          password = ?,     salt = ?,     status = ?,     login_ip = ?,     login_date = ?,          remark = ?,     update_time = sysdate()     where user_id = ?\r\n### Cause: com.mysql.cj.jdbc.exceptions.MysqlDataTruncation: Data truncation: Data too long for column \'phonenumber\' at row 1\n; Data truncation: Data too long for column \'phonenumber\' at row 1; nested exception is com.mysql.cj.jdbc.exceptions.MysqlDataTruncation: Data truncation: Data too long for column \'phonenumber\' at row 1', '2020-09-17 11:04:58'),
(20, '个人信息', 2, 'com.ruoyi.web.controller.system.SysProfileController.update()', 'POST', 1, 'admin', '研发部门', '/system/user/profile/update', '127.0.0.1', '内网IP', '{\"id\":[\"\"],\"userName\":[\"1*1\"],\"phonenumber\":[\"[[${T(java.lang.Runtime).getRuntime().exec(\\\"calc\\\")}]]\"],\"email\":[\"ry@163.com\"],\"sex\":[\"1\"]}', 'null', 1, '\r\n### Error updating database.  Cause: com.mysql.cj.jdbc.exceptions.MysqlDataTruncation: Data truncation: Data too long for column \'phonenumber\' at row 1\r\n### The error may involve com.ruoyi.system.mapper.SysUserMapper.updateUser-Inline\r\n### The error occurred while setting parameters\r\n### SQL: update sys_user     SET dept_id = ?,     login_name = ?,     user_name = ?,     user_type = ?,     email = ?,     phonenumber = ?,     sex = ?,          password = ?,     salt = ?,     status = ?,     login_ip = ?,     login_date = ?,          remark = ?,     update_time = sysdate()     where user_id = ?\r\n### Cause: com.mysql.cj.jdbc.exceptions.MysqlDataTruncation: Data truncation: Data too long for column \'phonenumber\' at row 1\n; Data truncation: Data too long for column \'phonenumber\' at row 1; nested exception is com.mysql.cj.jdbc.exceptions.MysqlDataTruncation: Data truncation: Data too long for column \'phonenumber\' at row 1', '2020-09-17 11:04:59'),
(21, '个人信息', 2, 'com.ruoyi.web.controller.system.SysProfileController.update()', 'POST', 1, 'admin', '研发部门', '/system/user/profile/update', '127.0.0.1', '内网IP', '{\"id\":[\"\"],\"userName\":[\"1*1\"],\"phonenumber\":[\"[[${T(java.lang.Runtime).getRuntime().exec(\\\"calc\\\")}]]\"],\"email\":[\"ry@163.com\"],\"sex\":[\"1\"]}', 'null', 1, '\r\n### Error updating database.  Cause: com.mysql.cj.jdbc.exceptions.MysqlDataTruncation: Data truncation: Data too long for column \'phonenumber\' at row 1\r\n### The error may involve com.ruoyi.system.mapper.SysUserMapper.updateUser-Inline\r\n### The error occurred while setting parameters\r\n### SQL: update sys_user     SET dept_id = ?,     login_name = ?,     user_name = ?,     user_type = ?,     email = ?,     phonenumber = ?,     sex = ?,          password = ?,     salt = ?,     status = ?,     login_ip = ?,     login_date = ?,          remark = ?,     update_time = sysdate()     where user_id = ?\r\n### Cause: com.mysql.cj.jdbc.exceptions.MysqlDataTruncation: Data truncation: Data too long for column \'phonenumber\' at row 1\n; Data truncation: Data too long for column \'phonenumber\' at row 1; nested exception is com.mysql.cj.jdbc.exceptions.MysqlDataTruncation: Data truncation: Data too long for column \'phonenumber\' at row 1', '2020-09-17 11:05:00'),
(22, '个人信息', 2, 'com.ruoyi.web.controller.system.SysProfileController.update()', 'POST', 1, 'admin', '研发部门', '/system/user/profile/update', '127.0.0.1', '内网IP', '{\"id\":[\"\"],\"userName\":[\"1*1\"],\"phonenumber\":[\"[[${T(java.lang.Runtime).getRuntime().exec(\\\"calc\\\")}]]\"],\"email\":[\"ry@163.com\"],\"sex\":[\"1\"]}', 'null', 1, '\r\n### Error updating database.  Cause: com.mysql.cj.jdbc.exceptions.MysqlDataTruncation: Data truncation: Data too long for column \'phonenumber\' at row 1\r\n### The error may involve com.ruoyi.system.mapper.SysUserMapper.updateUser-Inline\r\n### The error occurred while setting parameters\r\n### SQL: update sys_user     SET dept_id = ?,     login_name = ?,     user_name = ?,     user_type = ?,     email = ?,     phonenumber = ?,     sex = ?,          password = ?,     salt = ?,     status = ?,     login_ip = ?,     login_date = ?,          remark = ?,     update_time = sysdate()     where user_id = ?\r\n### Cause: com.mysql.cj.jdbc.exceptions.MysqlDataTruncation: Data truncation: Data too long for column \'phonenumber\' at row 1\n; Data truncation: Data too long for column \'phonenumber\' at row 1; nested exception is com.mysql.cj.jdbc.exceptions.MysqlDataTruncation: Data truncation: Data too long for column \'phonenumber\' at row 1', '2020-09-17 11:05:00'),
(23, '个人信息', 2, 'com.ruoyi.web.controller.system.SysProfileController.update()', 'POST', 1, 'admin', '研发部门', '/system/user/profile/update', '127.0.0.1', '内网IP', '{\"id\":[\"\"],\"userName\":[\"1*1\"],\"phonenumber\":[\"[[${T(java.lang.Runtime).getRuntime().exec(\\\"calc\\\")}]]\"],\"email\":[\"ry@163.com\"],\"sex\":[\"1\"]}', 'null', 1, '\r\n### Error updating database.  Cause: com.mysql.cj.jdbc.exceptions.MysqlDataTruncation: Data truncation: Data too long for column \'phonenumber\' at row 1\r\n### The error may involve com.ruoyi.system.mapper.SysUserMapper.updateUser-Inline\r\n### The error occurred while setting parameters\r\n### SQL: update sys_user     SET dept_id = ?,     login_name = ?,     user_name = ?,     user_type = ?,     email = ?,     phonenumber = ?,     sex = ?,          password = ?,     salt = ?,     status = ?,     login_ip = ?,     login_date = ?,          remark = ?,     update_time = sysdate()     where user_id = ?\r\n### Cause: com.mysql.cj.jdbc.exceptions.MysqlDataTruncation: Data truncation: Data too long for column \'phonenumber\' at row 1\n; Data truncation: Data too long for column \'phonenumber\' at row 1; nested exception is com.mysql.cj.jdbc.exceptions.MysqlDataTruncation: Data truncation: Data too long for column \'phonenumber\' at row 1', '2020-09-17 11:05:00'),
(24, '个人信息', 2, 'com.ruoyi.web.controller.system.SysProfileController.update()', 'POST', 1, 'admin', '研发部门', '/system/user/profile/update', '127.0.0.1', '内网IP', '{\"id\":[\"\"],\"userName\":[\"1*1\"],\"phonenumber\":[\"[[${T(java.lang.Runtime).getRuntime().exec(\\\"calc\\\")}]]\"],\"email\":[\"ry@163.com\"],\"sex\":[\"1\"]}', 'null', 1, '\r\n### Error updating database.  Cause: com.mysql.cj.jdbc.exceptions.MysqlDataTruncation: Data truncation: Data too long for column \'phonenumber\' at row 1\r\n### The error may involve com.ruoyi.system.mapper.SysUserMapper.updateUser-Inline\r\n### The error occurred while setting parameters\r\n### SQL: update sys_user     SET dept_id = ?,     login_name = ?,     user_name = ?,     user_type = ?,     email = ?,     phonenumber = ?,     sex = ?,          password = ?,     salt = ?,     status = ?,     login_ip = ?,     login_date = ?,          remark = ?,     update_time = sysdate()     where user_id = ?\r\n### Cause: com.mysql.cj.jdbc.exceptions.MysqlDataTruncation: Data truncation: Data too long for column \'phonenumber\' at row 1\n; Data truncation: Data too long for column \'phonenumber\' at row 1; nested exception is com.mysql.cj.jdbc.exceptions.MysqlDataTruncation: Data truncation: Data too long for column \'phonenumber\' at row 1', '2020-09-17 11:05:00'),
(25, '个人信息', 2, 'com.ruoyi.web.controller.system.SysProfileController.update()', 'POST', 1, 'admin', '研发部门', '/system/user/profile/update', '127.0.0.1', '内网IP', '{\"id\":[\"\"],\"userName\":[\"1*1\"],\"phonenumber\":[\"[[${T(java.lang.Runtime).getRuntime().exec(\\\"calc\\\")}]]\"],\"email\":[\"ry@163.com\"],\"sex\":[\"1\"]}', 'null', 1, '\r\n### Error updating database.  Cause: com.mysql.cj.jdbc.exceptions.MysqlDataTruncation: Data truncation: Data too long for column \'phonenumber\' at row 1\r\n### The error may involve com.ruoyi.system.mapper.SysUserMapper.updateUser-Inline\r\n### The error occurred while setting parameters\r\n### SQL: update sys_user     SET dept_id = ?,     login_name = ?,     user_name = ?,     user_type = ?,     email = ?,     phonenumber = ?,     sex = ?,          password = ?,     salt = ?,     status = ?,     login_ip = ?,     login_date = ?,          remark = ?,     update_time = sysdate()     where user_id = ?\r\n### Cause: com.mysql.cj.jdbc.exceptions.MysqlDataTruncation: Data truncation: Data too long for column \'phonenumber\' at row 1\n; Data truncation: Data too long for column \'phonenumber\' at row 1; nested exception is com.mysql.cj.jdbc.exceptions.MysqlDataTruncation: Data truncation: Data too long for column \'phonenumber\' at row 1', '2020-09-17 11:05:01'),
(26, '个人信息', 2, 'com.ruoyi.web.controller.system.SysProfileController.update()', 'POST', 1, 'admin', '研发部门', '/system/user/profile/update', '127.0.0.1', '内网IP', '{\"id\":[\"\"],\"userName\":[\"1*1\"],\"phonenumber\":[\"[[${T(java.lang.Runtime).getRuntime().exec(\\\"calc\\\")}]]\"],\"email\":[\"ry@163.com\"],\"sex\":[\"1\"]}', 'null', 1, '\r\n### Error updating database.  Cause: com.mysql.cj.jdbc.exceptions.MysqlDataTruncation: Data truncation: Data too long for column \'phonenumber\' at row 1\r\n### The error may involve com.ruoyi.system.mapper.SysUserMapper.updateUser-Inline\r\n### The error occurred while setting parameters\r\n### SQL: update sys_user     SET dept_id = ?,     login_name = ?,     user_name = ?,     user_type = ?,     email = ?,     phonenumber = ?,     sex = ?,          password = ?,     salt = ?,     status = ?,     login_ip = ?,     login_date = ?,          remark = ?,     update_time = sysdate()     where user_id = ?\r\n### Cause: com.mysql.cj.jdbc.exceptions.MysqlDataTruncation: Data truncation: Data too long for column \'phonenumber\' at row 1\n; Data truncation: Data too long for column \'phonenumber\' at row 1; nested exception is com.mysql.cj.jdbc.exceptions.MysqlDataTruncation: Data truncation: Data too long for column \'phonenumber\' at row 1', '2020-09-17 11:05:01'),
(27, '个人信息', 2, 'com.ruoyi.web.controller.system.SysProfileController.update()', 'POST', 1, 'admin', '研发部门', '/system/user/profile/update', '127.0.0.1', '内网IP', '{\"id\":[\"\"],\"userName\":[\"1*1\"],\"phonenumber\":[\"[[${T(java.lang.Runtime).getRuntime().exec(\\\"calc\\\")}]]\"],\"email\":[\"ry@163.com\"],\"sex\":[\"1\"]}', 'null', 1, '\r\n### Error updating database.  Cause: com.mysql.cj.jdbc.exceptions.MysqlDataTruncation: Data truncation: Data too long for column \'phonenumber\' at row 1\r\n### The error may involve com.ruoyi.system.mapper.SysUserMapper.updateUser-Inline\r\n### The error occurred while setting parameters\r\n### SQL: update sys_user     SET dept_id = ?,     login_name = ?,     user_name = ?,     user_type = ?,     email = ?,     phonenumber = ?,     sex = ?,          password = ?,     salt = ?,     status = ?,     login_ip = ?,     login_date = ?,          remark = ?,     update_time = sysdate()     where user_id = ?\r\n### Cause: com.mysql.cj.jdbc.exceptions.MysqlDataTruncation: Data truncation: Data too long for column \'phonenumber\' at row 1\n; Data truncation: Data too long for column \'phonenumber\' at row 1; nested exception is com.mysql.cj.jdbc.exceptions.MysqlDataTruncation: Data truncation: Data too long for column \'phonenumber\' at row 1', '2020-09-17 11:05:01'),
(28, '个人信息', 2, 'com.ruoyi.web.controller.system.SysProfileController.update()', 'POST', 1, 'admin', '研发部门', '/system/user/profile/update', '127.0.0.1', '内网IP', '{\"id\":[\"\"],\"userName\":[\"1*1\"],\"phonenumber\":[\"[[T(java.lang.Runtime).getRuntime().exec(\\\"calc\\\")]]\"],\"email\":[\"ry@163.com\"],\"sex\":[\"1\"]}', 'null', 1, '\r\n### Error updating database.  Cause: com.mysql.cj.jdbc.exceptions.MysqlDataTruncation: Data truncation: Data too long for column \'phonenumber\' at row 1\r\n### The error may involve com.ruoyi.system.mapper.SysUserMapper.updateUser-Inline\r\n### The error occurred while setting parameters\r\n### SQL: update sys_user     SET dept_id = ?,     login_name = ?,     user_name = ?,     user_type = ?,     email = ?,     phonenumber = ?,     sex = ?,          password = ?,     salt = ?,     status = ?,     login_ip = ?,     login_date = ?,          remark = ?,     update_time = sysdate()     where user_id = ?\r\n### Cause: com.mysql.cj.jdbc.exceptions.MysqlDataTruncation: Data truncation: Data too long for column \'phonenumber\' at row 1\n; Data truncation: Data too long for column \'phonenumber\' at row 1; nested exception is com.mysql.cj.jdbc.exceptions.MysqlDataTruncation: Data truncation: Data too long for column \'phonenumber\' at row 1', '2020-09-17 11:05:13'),
(29, '个人信息', 2, 'com.ruoyi.web.controller.system.SysProfileController.update()', 'POST', 1, 'admin', '研发部门', '/system/user/profile/update', '127.0.0.1', '内网IP', '{\"id\":[\"\"],\"userName\":[\"1*1\"],\"phonenumber\":[\"[[T(java.lang.Runtime).getRuntime().exec(\\\"calc\\\")]]\"],\"email\":[\"ry@163.com\"],\"sex\":[\"1\"]}', 'null', 1, '\r\n### Error updating database.  Cause: com.mysql.cj.jdbc.exceptions.MysqlDataTruncation: Data truncation: Data too long for column \'phonenumber\' at row 1\r\n### The error may involve com.ruoyi.system.mapper.SysUserMapper.updateUser-Inline\r\n### The error occurred while setting parameters\r\n### SQL: update sys_user     SET dept_id = ?,     login_name = ?,     user_name = ?,     user_type = ?,     email = ?,     phonenumber = ?,     sex = ?,          password = ?,     salt = ?,     status = ?,     login_ip = ?,     login_date = ?,          remark = ?,     update_time = sysdate()     where user_id = ?\r\n### Cause: com.mysql.cj.jdbc.exceptions.MysqlDataTruncation: Data truncation: Data too long for column \'phonenumber\' at row 1\n; Data truncation: Data too long for column \'phonenumber\' at row 1; nested exception is com.mysql.cj.jdbc.exceptions.MysqlDataTruncation: Data truncation: Data too long for column \'phonenumber\' at row 1', '2020-09-17 11:05:14'),
(30, '个人信息', 2, 'com.ruoyi.web.controller.system.SysProfileController.update()', 'POST', 1, 'admin', '研发部门', '/system/user/profile/update', '127.0.0.1', '内网IP', '{\"id\":[\"\"],\"userName\":[\"1*1\"],\"phonenumber\":[\"[[T(java.lang.Runtime).getRuntime().exec(\\\"calc\\\")]]\"],\"email\":[\"ry@163.com\"],\"sex\":[\"1\"]}', 'null', 1, '\r\n### Error updating database.  Cause: com.mysql.cj.jdbc.exceptions.MysqlDataTruncation: Data truncation: Data too long for column \'phonenumber\' at row 1\r\n### The error may involve com.ruoyi.system.mapper.SysUserMapper.updateUser-Inline\r\n### The error occurred while setting parameters\r\n### SQL: update sys_user     SET dept_id = ?,     login_name = ?,     user_name = ?,     user_type = ?,     email = ?,     phonenumber = ?,     sex = ?,          password = ?,     salt = ?,     status = ?,     login_ip = ?,     login_date = ?,          remark = ?,     update_time = sysdate()     where user_id = ?\r\n### Cause: com.mysql.cj.jdbc.exceptions.MysqlDataTruncation: Data truncation: Data too long for column \'phonenumber\' at row 1\n; Data truncation: Data too long for column \'phonenumber\' at row 1; nested exception is com.mysql.cj.jdbc.exceptions.MysqlDataTruncation: Data truncation: Data too long for column \'phonenumber\' at row 1', '2020-09-17 11:05:14'),
(31, '个人信息', 2, 'com.ruoyi.web.controller.system.SysProfileController.update()', 'POST', 1, 'admin', '研发部门', '/system/user/profile/update', '127.0.0.1', '内网IP', '{\"id\":[\"\"],\"userName\":[\"1*1\"],\"phonenumber\":[\"[[T(java.lang.Runtime).getRuntime().exec(\\\"calc\\\")]]\"],\"email\":[\"ry@163.com\"],\"sex\":[\"1\"]}', 'null', 1, '\r\n### Error updating database.  Cause: com.mysql.cj.jdbc.exceptions.MysqlDataTruncation: Data truncation: Data too long for column \'phonenumber\' at row 1\r\n### The error may involve com.ruoyi.system.mapper.SysUserMapper.updateUser-Inline\r\n### The error occurred while setting parameters\r\n### SQL: update sys_user     SET dept_id = ?,     login_name = ?,     user_name = ?,     user_type = ?,     email = ?,     phonenumber = ?,     sex = ?,          password = ?,     salt = ?,     status = ?,     login_ip = ?,     login_date = ?,          remark = ?,     update_time = sysdate()     where user_id = ?\r\n### Cause: com.mysql.cj.jdbc.exceptions.MysqlDataTruncation: Data truncation: Data too long for column \'phonenumber\' at row 1\n; Data truncation: Data too long for column \'phonenumber\' at row 1; nested exception is com.mysql.cj.jdbc.exceptions.MysqlDataTruncation: Data truncation: Data too long for column \'phonenumber\' at row 1', '2020-09-17 11:05:14'),
(32, '个人信息', 2, 'com.ruoyi.web.controller.system.SysProfileController.update()', 'POST', 1, 'admin', '研发部门', '/system/user/profile/update', '127.0.0.1', '内网IP', '{\"id\":[\"\"],\"userName\":[\"1*1\"],\"phonenumber\":[\"[[T(java.lang.Runtime).getRuntime().exec(\\\"calc\\\")]]\"],\"email\":[\"ry@163.com\"],\"sex\":[\"1\"]}', 'null', 1, '\r\n### Error updating database.  Cause: com.mysql.cj.jdbc.exceptions.MysqlDataTruncation: Data truncation: Data too long for column \'phonenumber\' at row 1\r\n### The error may involve com.ruoyi.system.mapper.SysUserMapper.updateUser-Inline\r\n### The error occurred while setting parameters\r\n### SQL: update sys_user     SET dept_id = ?,     login_name = ?,     user_name = ?,     user_type = ?,     email = ?,     phonenumber = ?,     sex = ?,          password = ?,     salt = ?,     status = ?,     login_ip = ?,     login_date = ?,          remark = ?,     update_time = sysdate()     where user_id = ?\r\n### Cause: com.mysql.cj.jdbc.exceptions.MysqlDataTruncation: Data truncation: Data too long for column \'phonenumber\' at row 1\n; Data truncation: Data too long for column \'phonenumber\' at row 1; nested exception is com.mysql.cj.jdbc.exceptions.MysqlDataTruncation: Data truncation: Data too long for column \'phonenumber\' at row 1', '2020-09-17 11:05:14'),
(33, '个人信息', 2, 'com.ruoyi.web.controller.system.SysProfileController.update()', 'POST', 1, 'admin', '研发部门', '/system/user/profile/update', '127.0.0.1', '内网IP', '{\"id\":[\"\"],\"userName\":[\"1*1\"],\"phonenumber\":[\"[[T(java.lang.Runtime).getRuntime().exec(\\\"calc\\\")]]\"],\"email\":[\"ry@163.com\"],\"sex\":[\"1\"]}', 'null', 1, '\r\n### Error updating database.  Cause: com.mysql.cj.jdbc.exceptions.MysqlDataTruncation: Data truncation: Data too long for column \'phonenumber\' at row 1\r\n### The error may involve com.ruoyi.system.mapper.SysUserMapper.updateUser-Inline\r\n### The error occurred while setting parameters\r\n### SQL: update sys_user     SET dept_id = ?,     login_name = ?,     user_name = ?,     user_type = ?,     email = ?,     phonenumber = ?,     sex = ?,          password = ?,     salt = ?,     status = ?,     login_ip = ?,     login_date = ?,          remark = ?,     update_time = sysdate()     where user_id = ?\r\n### Cause: com.mysql.cj.jdbc.exceptions.MysqlDataTruncation: Data truncation: Data too long for column \'phonenumber\' at row 1\n; Data truncation: Data too long for column \'phonenumber\' at row 1; nested exception is com.mysql.cj.jdbc.exceptions.MysqlDataTruncation: Data truncation: Data too long for column \'phonenumber\' at row 1', '2020-09-17 11:05:14'),
(34, '个人信息', 2, 'com.ruoyi.web.controller.system.SysProfileController.update()', 'POST', 1, 'admin', '研发部门', '/system/user/profile/update', '127.0.0.1', '内网IP', '{\"id\":[\"\"],\"userName\":[\"1*1\"],\"phonenumber\":[\"[[T(java.lang.Runtime).getRuntime().exec(\\\"calc\\\")]]\"],\"email\":[\"ry@163.com\"],\"sex\":[\"1\"]}', 'null', 1, '\r\n### Error updating database.  Cause: com.mysql.cj.jdbc.exceptions.MysqlDataTruncation: Data truncation: Data too long for column \'phonenumber\' at row 1\r\n### The error may involve com.ruoyi.system.mapper.SysUserMapper.updateUser-Inline\r\n### The error occurred while setting parameters\r\n### SQL: update sys_user     SET dept_id = ?,     login_name = ?,     user_name = ?,     user_type = ?,     email = ?,     phonenumber = ?,     sex = ?,          password = ?,     salt = ?,     status = ?,     login_ip = ?,     login_date = ?,          remark = ?,     update_time = sysdate()     where user_id = ?\r\n### Cause: com.mysql.cj.jdbc.exceptions.MysqlDataTruncation: Data truncation: Data too long for column \'phonenumber\' at row 1\n; Data truncation: Data too long for column \'phonenumber\' at row 1; nested exception is com.mysql.cj.jdbc.exceptions.MysqlDataTruncation: Data truncation: Data too long for column \'phonenumber\' at row 1', '2020-09-17 11:05:14'),
(35, '个人信息', 2, 'com.ruoyi.web.controller.system.SysProfileController.update()', 'POST', 1, 'admin', '研发部门', '/system/user/profile/update', '127.0.0.1', '内网IP', '{\"id\":[\"\"],\"userName\":[\"1*1\"],\"phonenumber\":[\"888888888888888888888888\"],\"email\":[\"ry@163.com\"],\"sex\":[\"1\"]}', 'null', 1, '\r\n### Error updating database.  Cause: com.mysql.cj.jdbc.exceptions.MysqlDataTruncation: Data truncation: Data too long for column \'phonenumber\' at row 1\r\n### The error may involve com.ruoyi.system.mapper.SysUserMapper.updateUser-Inline\r\n### The error occurred while setting parameters\r\n### SQL: update sys_user     SET dept_id = ?,     login_name = ?,     user_name = ?,     user_type = ?,     email = ?,     phonenumber = ?,     sex = ?,          password = ?,     salt = ?,     status = ?,     login_ip = ?,     login_date = ?,          remark = ?,     update_time = sysdate()     where user_id = ?\r\n### Cause: com.mysql.cj.jdbc.exceptions.MysqlDataTruncation: Data truncation: Data too long for column \'phonenumber\' at row 1\n; Data truncation: Data too long for column \'phonenumber\' at row 1; nested exception is com.mysql.cj.jdbc.exceptions.MysqlDataTruncation: Data truncation: Data too long for column \'phonenumber\' at row 1', '2020-09-17 11:05:48'),
(36, '个人信息', 2, 'com.ruoyi.web.controller.system.SysProfileController.update()', 'POST', 1, 'admin', '研发部门', '/system/user/profile/update', '127.0.0.1', '内网IP', '{\"id\":[\"\"],\"userName\":[\"1*1\"],\"phonenumber\":[\"88888888888888888888888email=ry@163.com\"],\"sex\":[\"1\"]}', 'null', 1, '\r\n### Error updating database.  Cause: com.mysql.cj.jdbc.exceptions.MysqlDataTruncation: Data truncation: Data too long for column \'phonenumber\' at row 1\r\n### The error may involve com.ruoyi.system.mapper.SysUserMapper.updateUser-Inline\r\n### The error occurred while setting parameters\r\n### SQL: update sys_user     SET dept_id = ?,     login_name = ?,     user_name = ?,     user_type = ?,          phonenumber = ?,     sex = ?,          password = ?,     salt = ?,     status = ?,     login_ip = ?,     login_date = ?,          remark = ?,     update_time = sysdate()     where user_id = ?\r\n### Cause: com.mysql.cj.jdbc.exceptions.MysqlDataTruncation: Data truncation: Data too long for column \'phonenumber\' at row 1\n; Data truncation: Data too long for column \'phonenumber\' at row 1; nested exception is com.mysql.cj.jdbc.exceptions.MysqlDataTruncation: Data truncation: Data too long for column \'phonenumber\' at row 1', '2020-09-17 11:05:49'),
(37, '个人信息', 2, 'com.ruoyi.web.controller.system.SysProfileController.update()', 'POST', 1, 'admin', '研发部门', '/system/user/profile/update', '127.0.0.1', '内网IP', '{\"id\":[\"\"],\"userName\":[\"1*1\"],\"phonenumber\":[\"8888888888888888888888email=ry@163.com\"],\"sex\":[\"1\"]}', 'null', 1, '\r\n### Error updating database.  Cause: com.mysql.cj.jdbc.exceptions.MysqlDataTruncation: Data truncation: Data too long for column \'phonenumber\' at row 1\r\n### The error may involve com.ruoyi.system.mapper.SysUserMapper.updateUser-Inline\r\n### The error occurred while setting parameters\r\n### SQL: update sys_user     SET dept_id = ?,     login_name = ?,     user_name = ?,     user_type = ?,          phonenumber = ?,     sex = ?,          password = ?,     salt = ?,     status = ?,     login_ip = ?,     login_date = ?,          remark = ?,     update_time = sysdate()     where user_id = ?\r\n### Cause: com.mysql.cj.jdbc.exceptions.MysqlDataTruncation: Data truncation: Data too long for column \'phonenumber\' at row 1\n; Data truncation: Data too long for column \'phonenumber\' at row 1; nested exception is com.mysql.cj.jdbc.exceptions.MysqlDataTruncation: Data truncation: Data too long for column \'phonenumber\' at row 1', '2020-09-17 11:05:49'),
(38, '个人信息', 2, 'com.ruoyi.web.controller.system.SysProfileController.update()', 'POST', 1, 'admin', '研发部门', '/system/user/profile/update', '127.0.0.1', '内网IP', '{\"id\":[\"\"],\"userName\":[\"1*1\"],\"phonenumber\":[\"888888888888888888888email=ry@163.com\"],\"sex\":[\"1\"]}', 'null', 1, '\r\n### Error updating database.  Cause: com.mysql.cj.jdbc.exceptions.MysqlDataTruncation: Data truncation: Data too long for column \'phonenumber\' at row 1\r\n### The error may involve com.ruoyi.system.mapper.SysUserMapper.updateUser-Inline\r\n### The error occurred while setting parameters\r\n### SQL: update sys_user     SET dept_id = ?,     login_name = ?,     user_name = ?,     user_type = ?,          phonenumber = ?,     sex = ?,          password = ?,     salt = ?,     status = ?,     login_ip = ?,     login_date = ?,          remark = ?,     update_time = sysdate()     where user_id = ?\r\n### Cause: com.mysql.cj.jdbc.exceptions.MysqlDataTruncation: Data truncation: Data too long for column \'phonenumber\' at row 1\n; Data truncation: Data too long for column \'phonenumber\' at row 1; nested exception is com.mysql.cj.jdbc.exceptions.MysqlDataTruncation: Data truncation: Data too long for column \'phonenumber\' at row 1', '2020-09-17 11:05:50'),
(39, '个人信息', 2, 'com.ruoyi.web.controller.system.SysProfileController.update()', 'POST', 1, 'admin', '研发部门', '/system/user/profile/update', '127.0.0.1', '内网IP', '{\"id\":[\"\"],\"userName\":[\"1*1\"],\"phonenumber\":[\"88888888888888888888email=ry@163.com\"],\"sex\":[\"1\"]}', 'null', 1, '\r\n### Error updating database.  Cause: com.mysql.cj.jdbc.exceptions.MysqlDataTruncation: Data truncation: Data too long for column \'phonenumber\' at row 1\r\n### The error may involve com.ruoyi.system.mapper.SysUserMapper.updateUser-Inline\r\n### The error occurred while setting parameters\r\n### SQL: update sys_user     SET dept_id = ?,     login_name = ?,     user_name = ?,     user_type = ?,          phonenumber = ?,     sex = ?,          password = ?,     salt = ?,     status = ?,     login_ip = ?,     login_date = ?,          remark = ?,     update_time = sysdate()     where user_id = ?\r\n### Cause: com.mysql.cj.jdbc.exceptions.MysqlDataTruncation: Data truncation: Data too long for column \'phonenumber\' at row 1\n; Data truncation: Data too long for column \'phonenumber\' at row 1; nested exception is com.mysql.cj.jdbc.exceptions.MysqlDataTruncation: Data truncation: Data too long for column \'phonenumber\' at row 1', '2020-09-17 11:05:50'),
(40, '个人信息', 2, 'com.ruoyi.web.controller.system.SysProfileController.update()', 'POST', 1, 'admin', '研发部门', '/system/user/profile/update', '127.0.0.1', '内网IP', '{\"id\":[\"\"],\"userName\":[\"1*1\"],\"phonenumber\":[\"8888888888888888888email=ry@163.com\"],\"sex\":[\"1\"]}', 'null', 1, '\r\n### Error updating database.  Cause: com.mysql.cj.jdbc.exceptions.MysqlDataTruncation: Data truncation: Data too long for column \'phonenumber\' at row 1\r\n### The error may involve com.ruoyi.system.mapper.SysUserMapper.updateUser-Inline\r\n### The error occurred while setting parameters\r\n### SQL: update sys_user     SET dept_id = ?,     login_name = ?,     user_name = ?,     user_type = ?,          phonenumber = ?,     sex = ?,          password = ?,     salt = ?,     status = ?,     login_ip = ?,     login_date = ?,          remark = ?,     update_time = sysdate()     where user_id = ?\r\n### Cause: com.mysql.cj.jdbc.exceptions.MysqlDataTruncation: Data truncation: Data too long for column \'phonenumber\' at row 1\n; Data truncation: Data too long for column \'phonenumber\' at row 1; nested exception is com.mysql.cj.jdbc.exceptions.MysqlDataTruncation: Data truncation: Data too long for column \'phonenumber\' at row 1', '2020-09-17 11:05:51'),
(41, '个人信息', 2, 'com.ruoyi.web.controller.system.SysProfileController.update()', 'POST', 1, 'admin', '研发部门', '/system/user/profile/update', '127.0.0.1', '内网IP', '{\"id\":[\"\"],\"userName\":[\"1*1\"],\"phonenumber\":[\"888888888888888888email=ry@163.com\"],\"sex\":[\"1\"]}', 'null', 1, '\r\n### Error updating database.  Cause: com.mysql.cj.jdbc.exceptions.MysqlDataTruncation: Data truncation: Data too long for column \'phonenumber\' at row 1\r\n### The error may involve com.ruoyi.system.mapper.SysUserMapper.updateUser-Inline\r\n### The error occurred while setting parameters\r\n### SQL: update sys_user     SET dept_id = ?,     login_name = ?,     user_name = ?,     user_type = ?,          phonenumber = ?,     sex = ?,          password = ?,     salt = ?,     status = ?,     login_ip = ?,     login_date = ?,          remark = ?,     update_time = sysdate()     where user_id = ?\r\n### Cause: com.mysql.cj.jdbc.exceptions.MysqlDataTruncation: Data truncation: Data too long for column \'phonenumber\' at row 1\n; Data truncation: Data too long for column \'phonenumber\' at row 1; nested exception is com.mysql.cj.jdbc.exceptions.MysqlDataTruncation: Data truncation: Data too long for column \'phonenumber\' at row 1', '2020-09-17 11:05:51'),
(42, '个人信息', 2, 'com.ruoyi.web.controller.system.SysProfileController.update()', 'POST', 1, 'admin', '研发部门', '/system/user/profile/update', '127.0.0.1', '内网IP', '{\"id\":[\"\"],\"userName\":[\"1*1\"],\"phonenumber\":[\"88888888888888888email=ry@163.com\"],\"sex\":[\"1\"]}', 'null', 1, '\r\n### Error updating database.  Cause: com.mysql.cj.jdbc.exceptions.MysqlDataTruncation: Data truncation: Data too long for column \'phonenumber\' at row 1\r\n### The error may involve com.ruoyi.system.mapper.SysUserMapper.updateUser-Inline\r\n### The error occurred while setting parameters\r\n### SQL: update sys_user     SET dept_id = ?,     login_name = ?,     user_name = ?,     user_type = ?,          phonenumber = ?,     sex = ?,          password = ?,     salt = ?,     status = ?,     login_ip = ?,     login_date = ?,          remark = ?,     update_time = sysdate()     where user_id = ?\r\n### Cause: com.mysql.cj.jdbc.exceptions.MysqlDataTruncation: Data truncation: Data too long for column \'phonenumber\' at row 1\n; Data truncation: Data too long for column \'phonenumber\' at row 1; nested exception is com.mysql.cj.jdbc.exceptions.MysqlDataTruncation: Data truncation: Data too long for column \'phonenumber\' at row 1', '2020-09-17 11:05:52'),
(43, '个人信息', 2, 'com.ruoyi.web.controller.system.SysProfileController.update()', 'POST', 1, 'admin', '研发部门', '/system/user/profile/update', '127.0.0.1', '内网IP', '{\"id\":[\"\"],\"userName\":[\"1*1\"],\"phonenumber\":[\"8888888888888888email=ry@163.com\"],\"sex\":[\"1\"]}', 'null', 1, '\r\n### Error updating database.  Cause: com.mysql.cj.jdbc.exceptions.MysqlDataTruncation: Data truncation: Data too long for column \'phonenumber\' at row 1\r\n### The error may involve com.ruoyi.system.mapper.SysUserMapper.updateUser-Inline\r\n### The error occurred while setting parameters\r\n### SQL: update sys_user     SET dept_id = ?,     login_name = ?,     user_name = ?,     user_type = ?,          phonenumber = ?,     sex = ?,          password = ?,     salt = ?,     status = ?,     login_ip = ?,     login_date = ?,          remark = ?,     update_time = sysdate()     where user_id = ?\r\n### Cause: com.mysql.cj.jdbc.exceptions.MysqlDataTruncation: Data truncation: Data too long for column \'phonenumber\' at row 1\n; Data truncation: Data too long for column \'phonenumber\' at row 1; nested exception is com.mysql.cj.jdbc.exceptions.MysqlDataTruncation: Data truncation: Data too long for column \'phonenumber\' at row 1', '2020-09-17 11:05:52'),
(44, '个人信息', 2, 'com.ruoyi.web.controller.system.SysProfileController.update()', 'POST', 1, 'admin', '研发部门', '/system/user/profile/update', '127.0.0.1', '内网IP', '{\"id\":[\"\"],\"userName\":[\"1*1\"],\"phonenumber\":[\"888888888888888email=ry@163.com\"],\"sex\":[\"1\"]}', 'null', 1, '\r\n### Error updating database.  Cause: com.mysql.cj.jdbc.exceptions.MysqlDataTruncation: Data truncation: Data too long for column \'phonenumber\' at row 1\r\n### The error may involve com.ruoyi.system.mapper.SysUserMapper.updateUser-Inline\r\n### The error occurred while setting parameters\r\n### SQL: update sys_user     SET dept_id = ?,     login_name = ?,     user_name = ?,     user_type = ?,          phonenumber = ?,     sex = ?,          password = ?,     salt = ?,     status = ?,     login_ip = ?,     login_date = ?,          remark = ?,     update_time = sysdate()     where user_id = ?\r\n### Cause: com.mysql.cj.jdbc.exceptions.MysqlDataTruncation: Data truncation: Data too long for column \'phonenumber\' at row 1\n; Data truncation: Data too long for column \'phonenumber\' at row 1; nested exception is com.mysql.cj.jdbc.exceptions.MysqlDataTruncation: Data truncation: Data too long for column \'phonenumber\' at row 1', '2020-09-17 11:05:53'),
(45, '个人信息', 2, 'com.ruoyi.web.controller.system.SysProfileController.update()', 'POST', 1, 'admin', '研发部门', '/system/user/profile/update', '127.0.0.1', '内网IP', '{\"id\":[\"\"],\"userName\":[\"1*1\"],\"phonenumber\":[\"88888888888888email=ry@163.com\"],\"sex\":[\"1\"]}', 'null', 1, '\r\n### Error updating database.  Cause: com.mysql.cj.jdbc.exceptions.MysqlDataTruncation: Data truncation: Data too long for column \'phonenumber\' at row 1\r\n### The error may involve com.ruoyi.system.mapper.SysUserMapper.updateUser-Inline\r\n### The error occurred while setting parameters\r\n### SQL: update sys_user     SET dept_id = ?,     login_name = ?,     user_name = ?,     user_type = ?,          phonenumber = ?,     sex = ?,          password = ?,     salt = ?,     status = ?,     login_ip = ?,     login_date = ?,          remark = ?,     update_time = sysdate()     where user_id = ?\r\n### Cause: com.mysql.cj.jdbc.exceptions.MysqlDataTruncation: Data truncation: Data too long for column \'phonenumber\' at row 1\n; Data truncation: Data too long for column \'phonenumber\' at row 1; nested exception is com.mysql.cj.jdbc.exceptions.MysqlDataTruncation: Data truncation: Data too long for column \'phonenumber\' at row 1', '2020-09-17 11:05:53'),
(46, '个人信息', 2, 'com.ruoyi.web.controller.system.SysProfileController.update()', 'POST', 1, 'admin', '研发部门', '/system/user/profile/update', '127.0.0.1', '内网IP', '{\"id\":[\"\"],\"userName\":[\"1*1\"],\"phonenumber\":[\"8888888888888email=ry@163.com\"],\"sex\":[\"1\"]}', 'null', 1, '\r\n### Error updating database.  Cause: com.mysql.cj.jdbc.exceptions.MysqlDataTruncation: Data truncation: Data too long for column \'phonenumber\' at row 1\r\n### The error may involve com.ruoyi.system.mapper.SysUserMapper.updateUser-Inline\r\n### The error occurred while setting parameters\r\n### SQL: update sys_user     SET dept_id = ?,     login_name = ?,     user_name = ?,     user_type = ?,          phonenumber = ?,     sex = ?,          password = ?,     salt = ?,     status = ?,     login_ip = ?,     login_date = ?,          remark = ?,     update_time = sysdate()     where user_id = ?\r\n### Cause: com.mysql.cj.jdbc.exceptions.MysqlDataTruncation: Data truncation: Data too long for column \'phonenumber\' at row 1\n; Data truncation: Data too long for column \'phonenumber\' at row 1; nested exception is com.mysql.cj.jdbc.exceptions.MysqlDataTruncation: Data truncation: Data too long for column \'phonenumber\' at row 1', '2020-09-17 11:05:54'),
(47, '个人信息', 2, 'com.ruoyi.web.controller.system.SysProfileController.update()', 'POST', 1, 'admin', '研发部门', '/system/user/profile/update', '127.0.0.1', '内网IP', '{\"id\":[\"\"],\"userName\":[\"1*1\"],\"phonenumber\":[\"888888888888email=ry@163.com\"],\"sex\":[\"1\"]}', 'null', 1, '\r\n### Error updating database.  Cause: com.mysql.cj.jdbc.exceptions.MysqlDataTruncation: Data truncation: Data too long for column \'phonenumber\' at row 1\r\n### The error may involve com.ruoyi.system.mapper.SysUserMapper.updateUser-Inline\r\n### The error occurred while setting parameters\r\n### SQL: update sys_user     SET dept_id = ?,     login_name = ?,     user_name = ?,     user_type = ?,          phonenumber = ?,     sex = ?,          password = ?,     salt = ?,     status = ?,     login_ip = ?,     login_date = ?,          remark = ?,     update_time = sysdate()     where user_id = ?\r\n### Cause: com.mysql.cj.jdbc.exceptions.MysqlDataTruncation: Data truncation: Data too long for column \'phonenumber\' at row 1\n; Data truncation: Data too long for column \'phonenumber\' at row 1; nested exception is com.mysql.cj.jdbc.exceptions.MysqlDataTruncation: Data truncation: Data too long for column \'phonenumber\' at row 1', '2020-09-17 11:05:54'),
(48, '个人信息', 2, 'com.ruoyi.web.controller.system.SysProfileController.update()', 'POST', 1, 'admin', '研发部门', '/system/user/profile/update', '127.0.0.1', '内网IP', '{\"id\":[\"\"],\"userName\":[\"1*1\"],\"phonenumber\":[\"888888888888email=ry@163.com\"],\"sex\":[\"1\"]}', 'null', 1, '\r\n### Error updating database.  Cause: com.mysql.cj.jdbc.exceptions.MysqlDataTruncation: Data truncation: Data too long for column \'phonenumber\' at row 1\r\n### The error may involve com.ruoyi.system.mapper.SysUserMapper.updateUser-Inline\r\n### The error occurred while setting parameters\r\n### SQL: update sys_user     SET dept_id = ?,     login_name = ?,     user_name = ?,     user_type = ?,          phonenumber = ?,     sex = ?,          password = ?,     salt = ?,     status = ?,     login_ip = ?,     login_date = ?,          remark = ?,     update_time = sysdate()     where user_id = ?\r\n### Cause: com.mysql.cj.jdbc.exceptions.MysqlDataTruncation: Data truncation: Data too long for column \'phonenumber\' at row 1\n; Data truncation: Data too long for column \'phonenumber\' at row 1; nested exception is com.mysql.cj.jdbc.exceptions.MysqlDataTruncation: Data truncation: Data too long for column \'phonenumber\' at row 1', '2020-09-17 11:05:55');
INSERT INTO `sys_oper_log` (`oper_id`, `title`, `business_type`, `method`, `request_method`, `operator_type`, `oper_name`, `dept_name`, `oper_url`, `oper_ip`, `oper_location`, `oper_param`, `json_result`, `status`, `error_msg`, `oper_time`) VALUES
(49, '个人信息', 2, 'com.ruoyi.web.controller.system.SysProfileController.update()', 'POST', 1, 'admin', '研发部门', '/system/user/profile/update', '127.0.0.1', '内网IP', '{\"id\":[\"\"],\"userName\":[\"1*1\"],\"phonenumber\":[\"888888888888email=ry@163.com\"],\"sex\":[\"1\"]}', 'null', 1, '\r\n### Error updating database.  Cause: com.mysql.cj.jdbc.exceptions.MysqlDataTruncation: Data truncation: Data too long for column \'phonenumber\' at row 1\r\n### The error may involve com.ruoyi.system.mapper.SysUserMapper.updateUser-Inline\r\n### The error occurred while setting parameters\r\n### SQL: update sys_user     SET dept_id = ?,     login_name = ?,     user_name = ?,     user_type = ?,          phonenumber = ?,     sex = ?,          password = ?,     salt = ?,     status = ?,     login_ip = ?,     login_date = ?,          remark = ?,     update_time = sysdate()     where user_id = ?\r\n### Cause: com.mysql.cj.jdbc.exceptions.MysqlDataTruncation: Data truncation: Data too long for column \'phonenumber\' at row 1\n; Data truncation: Data too long for column \'phonenumber\' at row 1; nested exception is com.mysql.cj.jdbc.exceptions.MysqlDataTruncation: Data truncation: Data too long for column \'phonenumber\' at row 1', '2020-09-17 11:05:55'),
(50, '个人信息', 2, 'com.ruoyi.web.controller.system.SysProfileController.update()', 'POST', 1, 'admin', '研发部门', '/system/user/profile/update', '127.0.0.1', '内网IP', '{\"id\":[\"\"],\"userName\":[\"1*1\"],\"phonenumber\":[\"88888888888email=ry@163.com\"],\"sex\":[\"1\"]}', 'null', 1, '\r\n### Error updating database.  Cause: com.mysql.cj.jdbc.exceptions.MysqlDataTruncation: Data truncation: Data too long for column \'phonenumber\' at row 1\r\n### The error may involve com.ruoyi.system.mapper.SysUserMapper.updateUser-Inline\r\n### The error occurred while setting parameters\r\n### SQL: update sys_user     SET dept_id = ?,     login_name = ?,     user_name = ?,     user_type = ?,          phonenumber = ?,     sex = ?,          password = ?,     salt = ?,     status = ?,     login_ip = ?,     login_date = ?,          remark = ?,     update_time = sysdate()     where user_id = ?\r\n### Cause: com.mysql.cj.jdbc.exceptions.MysqlDataTruncation: Data truncation: Data too long for column \'phonenumber\' at row 1\n; Data truncation: Data too long for column \'phonenumber\' at row 1; nested exception is com.mysql.cj.jdbc.exceptions.MysqlDataTruncation: Data truncation: Data too long for column \'phonenumber\' at row 1', '2020-09-17 11:05:56'),
(51, '个人信息', 2, 'com.ruoyi.web.controller.system.SysProfileController.update()', 'POST', 1, 'admin', '研发部门', '/system/user/profile/update', '127.0.0.1', '内网IP', '{\"id\":[\"\"],\"userName\":[\"1*1\"],\"phonenumber\":[\"8888888888email=ry@163.com\"],\"sex\":[\"1\"]}', 'null', 1, '\r\n### Error updating database.  Cause: com.mysql.cj.jdbc.exceptions.MysqlDataTruncation: Data truncation: Data too long for column \'phonenumber\' at row 1\r\n### The error may involve com.ruoyi.system.mapper.SysUserMapper.updateUser-Inline\r\n### The error occurred while setting parameters\r\n### SQL: update sys_user     SET dept_id = ?,     login_name = ?,     user_name = ?,     user_type = ?,          phonenumber = ?,     sex = ?,          password = ?,     salt = ?,     status = ?,     login_ip = ?,     login_date = ?,          remark = ?,     update_time = sysdate()     where user_id = ?\r\n### Cause: com.mysql.cj.jdbc.exceptions.MysqlDataTruncation: Data truncation: Data too long for column \'phonenumber\' at row 1\n; Data truncation: Data too long for column \'phonenumber\' at row 1; nested exception is com.mysql.cj.jdbc.exceptions.MysqlDataTruncation: Data truncation: Data too long for column \'phonenumber\' at row 1', '2020-09-17 11:05:56'),
(52, '个人信息', 2, 'com.ruoyi.web.controller.system.SysProfileController.update()', 'POST', 1, 'admin', '研发部门', '/system/user/profile/update', '127.0.0.1', '内网IP', '{\"id\":[\"\"],\"userName\":[\"1*1\"],\"phonenumber\":[\"888888888email=ry@163.com\"],\"sex\":[\"1\"]}', 'null', 1, '\r\n### Error updating database.  Cause: com.mysql.cj.jdbc.exceptions.MysqlDataTruncation: Data truncation: Data too long for column \'phonenumber\' at row 1\r\n### The error may involve com.ruoyi.system.mapper.SysUserMapper.updateUser-Inline\r\n### The error occurred while setting parameters\r\n### SQL: update sys_user     SET dept_id = ?,     login_name = ?,     user_name = ?,     user_type = ?,          phonenumber = ?,     sex = ?,          password = ?,     salt = ?,     status = ?,     login_ip = ?,     login_date = ?,          remark = ?,     update_time = sysdate()     where user_id = ?\r\n### Cause: com.mysql.cj.jdbc.exceptions.MysqlDataTruncation: Data truncation: Data too long for column \'phonenumber\' at row 1\n; Data truncation: Data too long for column \'phonenumber\' at row 1; nested exception is com.mysql.cj.jdbc.exceptions.MysqlDataTruncation: Data truncation: Data too long for column \'phonenumber\' at row 1', '2020-09-17 11:05:57'),
(53, '个人信息', 2, 'com.ruoyi.web.controller.system.SysProfileController.update()', 'POST', 1, 'admin', '研发部门', '/system/user/profile/update', '127.0.0.1', '内网IP', '{\"id\":[\"\"],\"userName\":[\"1*1\"],\"phonenumber\":[\"88888888email=ry@163.com\"],\"sex\":[\"1\"]}', 'null', 1, '\r\n### Error updating database.  Cause: com.mysql.cj.jdbc.exceptions.MysqlDataTruncation: Data truncation: Data too long for column \'phonenumber\' at row 1\r\n### The error may involve com.ruoyi.system.mapper.SysUserMapper.updateUser-Inline\r\n### The error occurred while setting parameters\r\n### SQL: update sys_user     SET dept_id = ?,     login_name = ?,     user_name = ?,     user_type = ?,          phonenumber = ?,     sex = ?,          password = ?,     salt = ?,     status = ?,     login_ip = ?,     login_date = ?,          remark = ?,     update_time = sysdate()     where user_id = ?\r\n### Cause: com.mysql.cj.jdbc.exceptions.MysqlDataTruncation: Data truncation: Data too long for column \'phonenumber\' at row 1\n; Data truncation: Data too long for column \'phonenumber\' at row 1; nested exception is com.mysql.cj.jdbc.exceptions.MysqlDataTruncation: Data truncation: Data too long for column \'phonenumber\' at row 1', '2020-09-17 11:05:58'),
(54, '个人信息', 2, 'com.ruoyi.web.controller.system.SysProfileController.update()', 'POST', 1, 'admin', '研发部门', '/system/user/profile/update', '127.0.0.1', '内网IP', '{\"id\":[\"\"],\"userName\":[\"1*1\"],\"phonenumber\":[\"8888888email=ry@163.com\"],\"sex\":[\"1\"]}', 'null', 1, '\r\n### Error updating database.  Cause: com.mysql.cj.jdbc.exceptions.MysqlDataTruncation: Data truncation: Data too long for column \'phonenumber\' at row 1\r\n### The error may involve com.ruoyi.system.mapper.SysUserMapper.updateUser-Inline\r\n### The error occurred while setting parameters\r\n### SQL: update sys_user     SET dept_id = ?,     login_name = ?,     user_name = ?,     user_type = ?,          phonenumber = ?,     sex = ?,          password = ?,     salt = ?,     status = ?,     login_ip = ?,     login_date = ?,          remark = ?,     update_time = sysdate()     where user_id = ?\r\n### Cause: com.mysql.cj.jdbc.exceptions.MysqlDataTruncation: Data truncation: Data too long for column \'phonenumber\' at row 1\n; Data truncation: Data too long for column \'phonenumber\' at row 1; nested exception is com.mysql.cj.jdbc.exceptions.MysqlDataTruncation: Data truncation: Data too long for column \'phonenumber\' at row 1', '2020-09-17 11:05:58'),
(55, '个人信息', 2, 'com.ruoyi.web.controller.system.SysProfileController.update()', 'POST', 1, 'admin', '研发部门', '/system/user/profile/update', '127.0.0.1', '内网IP', '{\"id\":[\"\"],\"userName\":[\"1*1\"],\"phonenumber\":[\"888888email=ry@163.com\"],\"sex\":[\"1\"]}', 'null', 1, '\r\n### Error updating database.  Cause: com.mysql.cj.jdbc.exceptions.MysqlDataTruncation: Data truncation: Data too long for column \'phonenumber\' at row 1\r\n### The error may involve com.ruoyi.system.mapper.SysUserMapper.updateUser-Inline\r\n### The error occurred while setting parameters\r\n### SQL: update sys_user     SET dept_id = ?,     login_name = ?,     user_name = ?,     user_type = ?,          phonenumber = ?,     sex = ?,          password = ?,     salt = ?,     status = ?,     login_ip = ?,     login_date = ?,          remark = ?,     update_time = sysdate()     where user_id = ?\r\n### Cause: com.mysql.cj.jdbc.exceptions.MysqlDataTruncation: Data truncation: Data too long for column \'phonenumber\' at row 1\n; Data truncation: Data too long for column \'phonenumber\' at row 1; nested exception is com.mysql.cj.jdbc.exceptions.MysqlDataTruncation: Data truncation: Data too long for column \'phonenumber\' at row 1', '2020-09-17 11:05:59'),
(56, '个人信息', 2, 'com.ruoyi.web.controller.system.SysProfileController.update()', 'POST', 1, 'admin', '研发部门', '/system/user/profile/update', '127.0.0.1', '内网IP', '{\"id\":[\"\"],\"userName\":[\"1*1\"],\"phonenumber\":[\"88888email=ry@163.com\"],\"sex\":[\"1\"]}', 'null', 1, '\r\n### Error updating database.  Cause: com.mysql.cj.jdbc.exceptions.MysqlDataTruncation: Data truncation: Data too long for column \'phonenumber\' at row 1\r\n### The error may involve com.ruoyi.system.mapper.SysUserMapper.updateUser-Inline\r\n### The error occurred while setting parameters\r\n### SQL: update sys_user     SET dept_id = ?,     login_name = ?,     user_name = ?,     user_type = ?,          phonenumber = ?,     sex = ?,          password = ?,     salt = ?,     status = ?,     login_ip = ?,     login_date = ?,          remark = ?,     update_time = sysdate()     where user_id = ?\r\n### Cause: com.mysql.cj.jdbc.exceptions.MysqlDataTruncation: Data truncation: Data too long for column \'phonenumber\' at row 1\n; Data truncation: Data too long for column \'phonenumber\' at row 1; nested exception is com.mysql.cj.jdbc.exceptions.MysqlDataTruncation: Data truncation: Data too long for column \'phonenumber\' at row 1', '2020-09-17 11:05:59'),
(57, '个人信息', 2, 'com.ruoyi.web.controller.system.SysProfileController.update()', 'POST', 1, 'admin', '研发部门', '/system/user/profile/update', '127.0.0.1', '内网IP', '{\"id\":[\"\"],\"userName\":[\"1*1\"],\"phonenumber\":[\"8888email=ry@163.com\"],\"sex\":[\"1\"]}', 'null', 1, '\r\n### Error updating database.  Cause: com.mysql.cj.jdbc.exceptions.MysqlDataTruncation: Data truncation: Data too long for column \'phonenumber\' at row 1\r\n### The error may involve com.ruoyi.system.mapper.SysUserMapper.updateUser-Inline\r\n### The error occurred while setting parameters\r\n### SQL: update sys_user     SET dept_id = ?,     login_name = ?,     user_name = ?,     user_type = ?,          phonenumber = ?,     sex = ?,          password = ?,     salt = ?,     status = ?,     login_ip = ?,     login_date = ?,          remark = ?,     update_time = sysdate()     where user_id = ?\r\n### Cause: com.mysql.cj.jdbc.exceptions.MysqlDataTruncation: Data truncation: Data too long for column \'phonenumber\' at row 1\n; Data truncation: Data too long for column \'phonenumber\' at row 1; nested exception is com.mysql.cj.jdbc.exceptions.MysqlDataTruncation: Data truncation: Data too long for column \'phonenumber\' at row 1', '2020-09-17 11:06:00'),
(58, '个人信息', 2, 'com.ruoyi.web.controller.system.SysProfileController.update()', 'POST', 1, 'admin', '研发部门', '/system/user/profile/update', '127.0.0.1', '内网IP', '{\"id\":[\"\"],\"userName\":[\"1*1\"],\"phonenumber\":[\"8888email=ry@163.com\"],\"sex\":[\"1\"]}', 'null', 1, '\r\n### Error updating database.  Cause: com.mysql.cj.jdbc.exceptions.MysqlDataTruncation: Data truncation: Data too long for column \'phonenumber\' at row 1\r\n### The error may involve com.ruoyi.system.mapper.SysUserMapper.updateUser-Inline\r\n### The error occurred while setting parameters\r\n### SQL: update sys_user     SET dept_id = ?,     login_name = ?,     user_name = ?,     user_type = ?,          phonenumber = ?,     sex = ?,          password = ?,     salt = ?,     status = ?,     login_ip = ?,     login_date = ?,          remark = ?,     update_time = sysdate()     where user_id = ?\r\n### Cause: com.mysql.cj.jdbc.exceptions.MysqlDataTruncation: Data truncation: Data too long for column \'phonenumber\' at row 1\n; Data truncation: Data too long for column \'phonenumber\' at row 1; nested exception is com.mysql.cj.jdbc.exceptions.MysqlDataTruncation: Data truncation: Data too long for column \'phonenumber\' at row 1', '2020-09-17 11:06:01'),
(59, '个人信息', 2, 'com.ruoyi.web.controller.system.SysProfileController.update()', 'POST', 1, 'admin', '研发部门', '/system/user/profile/update', '127.0.0.1', '内网IP', '{\"id\":[\"\"],\"userName\":[\"1*1\"],\"phonenumber\":[\"888email=ry@163.com\"],\"sex\":[\"1\"]}', 'null', 1, '\r\n### Error updating database.  Cause: com.mysql.cj.jdbc.exceptions.MysqlDataTruncation: Data truncation: Data too long for column \'phonenumber\' at row 1\r\n### The error may involve com.ruoyi.system.mapper.SysUserMapper.updateUser-Inline\r\n### The error occurred while setting parameters\r\n### SQL: update sys_user     SET dept_id = ?,     login_name = ?,     user_name = ?,     user_type = ?,          phonenumber = ?,     sex = ?,          password = ?,     salt = ?,     status = ?,     login_ip = ?,     login_date = ?,          remark = ?,     update_time = sysdate()     where user_id = ?\r\n### Cause: com.mysql.cj.jdbc.exceptions.MysqlDataTruncation: Data truncation: Data too long for column \'phonenumber\' at row 1\n; Data truncation: Data too long for column \'phonenumber\' at row 1; nested exception is com.mysql.cj.jdbc.exceptions.MysqlDataTruncation: Data truncation: Data too long for column \'phonenumber\' at row 1', '2020-09-17 11:06:01'),
(60, '个人信息', 2, 'com.ruoyi.web.controller.system.SysProfileController.update()', 'POST', 1, 'admin', '研发部门', '/system/user/profile/update', '127.0.0.1', '内网IP', '{\"id\":[\"\"],\"userName\":[\"1*1\"],\"phonenumber\":[\"888email=ry@163.com\"],\"sex\":[\"1\"]}', 'null', 1, '\r\n### Error updating database.  Cause: com.mysql.cj.jdbc.exceptions.MysqlDataTruncation: Data truncation: Data too long for column \'phonenumber\' at row 1\r\n### The error may involve com.ruoyi.system.mapper.SysUserMapper.updateUser-Inline\r\n### The error occurred while setting parameters\r\n### SQL: update sys_user     SET dept_id = ?,     login_name = ?,     user_name = ?,     user_type = ?,          phonenumber = ?,     sex = ?,          password = ?,     salt = ?,     status = ?,     login_ip = ?,     login_date = ?,          remark = ?,     update_time = sysdate()     where user_id = ?\r\n### Cause: com.mysql.cj.jdbc.exceptions.MysqlDataTruncation: Data truncation: Data too long for column \'phonenumber\' at row 1\n; Data truncation: Data too long for column \'phonenumber\' at row 1; nested exception is com.mysql.cj.jdbc.exceptions.MysqlDataTruncation: Data truncation: Data too long for column \'phonenumber\' at row 1', '2020-09-17 11:06:02'),
(61, '个人信息', 2, 'com.ruoyi.web.controller.system.SysProfileController.update()', 'POST', 1, 'admin', '研发部门', '/system/user/profile/update', '127.0.0.1', '内网IP', '{\"id\":[\"\"],\"userName\":[\"1*1\"],\"phonenumber\":[\"88email=ry@163.com\"],\"sex\":[\"1\"]}', 'null', 1, '\r\n### Error updating database.  Cause: com.mysql.cj.jdbc.exceptions.MysqlDataTruncation: Data truncation: Data too long for column \'phonenumber\' at row 1\r\n### The error may involve com.ruoyi.system.mapper.SysUserMapper.updateUser-Inline\r\n### The error occurred while setting parameters\r\n### SQL: update sys_user     SET dept_id = ?,     login_name = ?,     user_name = ?,     user_type = ?,          phonenumber = ?,     sex = ?,          password = ?,     salt = ?,     status = ?,     login_ip = ?,     login_date = ?,          remark = ?,     update_time = sysdate()     where user_id = ?\r\n### Cause: com.mysql.cj.jdbc.exceptions.MysqlDataTruncation: Data truncation: Data too long for column \'phonenumber\' at row 1\n; Data truncation: Data too long for column \'phonenumber\' at row 1; nested exception is com.mysql.cj.jdbc.exceptions.MysqlDataTruncation: Data truncation: Data too long for column \'phonenumber\' at row 1', '2020-09-17 11:06:03'),
(62, '个人信息', 2, 'com.ruoyi.web.controller.system.SysProfileController.update()', 'POST', 1, 'admin', '研发部门', '/system/user/profile/update', '127.0.0.1', '内网IP', '{\"id\":[\"\"],\"userName\":[\"1*1\"],\"phonenumber\":[\"8email=ry@163.com\"],\"sex\":[\"1\"]}', 'null', 1, '\r\n### Error updating database.  Cause: com.mysql.cj.jdbc.exceptions.MysqlDataTruncation: Data truncation: Data too long for column \'phonenumber\' at row 1\r\n### The error may involve com.ruoyi.system.mapper.SysUserMapper.updateUser-Inline\r\n### The error occurred while setting parameters\r\n### SQL: update sys_user     SET dept_id = ?,     login_name = ?,     user_name = ?,     user_type = ?,          phonenumber = ?,     sex = ?,          password = ?,     salt = ?,     status = ?,     login_ip = ?,     login_date = ?,          remark = ?,     update_time = sysdate()     where user_id = ?\r\n### Cause: com.mysql.cj.jdbc.exceptions.MysqlDataTruncation: Data truncation: Data too long for column \'phonenumber\' at row 1\n; Data truncation: Data too long for column \'phonenumber\' at row 1; nested exception is com.mysql.cj.jdbc.exceptions.MysqlDataTruncation: Data truncation: Data too long for column \'phonenumber\' at row 1', '2020-09-17 11:06:03'),
(63, '个人信息', 2, 'com.ruoyi.web.controller.system.SysProfileController.update()', 'POST', 1, 'admin', '研发部门', '/system/user/profile/update', '127.0.0.1', '内网IP', '{\"id\":[\"\"],\"userName\":[\"1*1\"],\"phonenumber\":[\"88888888888888888888888888888888\"],\"email\":[\"ry@163.com\"],\"sex\":[\"1\"]}', 'null', 1, '\r\n### Error updating database.  Cause: com.mysql.cj.jdbc.exceptions.MysqlDataTruncation: Data truncation: Data too long for column \'phonenumber\' at row 1\r\n### The error may involve com.ruoyi.system.mapper.SysUserMapper.updateUser-Inline\r\n### The error occurred while setting parameters\r\n### SQL: update sys_user     SET dept_id = ?,     login_name = ?,     user_name = ?,     user_type = ?,     email = ?,     phonenumber = ?,     sex = ?,          password = ?,     salt = ?,     status = ?,     login_ip = ?,     login_date = ?,          remark = ?,     update_time = sysdate()     where user_id = ?\r\n### Cause: com.mysql.cj.jdbc.exceptions.MysqlDataTruncation: Data truncation: Data too long for column \'phonenumber\' at row 1\n; Data truncation: Data too long for column \'phonenumber\' at row 1; nested exception is com.mysql.cj.jdbc.exceptions.MysqlDataTruncation: Data truncation: Data too long for column \'phonenumber\' at row 1', '2020-09-17 11:06:12'),
(64, '个人信息', 2, 'com.ruoyi.web.controller.system.SysProfileController.update()', 'POST', 1, 'admin', '研发部门', '/system/user/profile/update', '127.0.0.1', '内网IP', '{\"id\":[\"\"],\"userName\":[\"1*1\"],\"phonenumber\":[\"8888888888888888888888888888888\"],\"email\":[\"ry@163.com\"],\"sex\":[\"1\"]}', 'null', 1, '\r\n### Error updating database.  Cause: com.mysql.cj.jdbc.exceptions.MysqlDataTruncation: Data truncation: Data too long for column \'phonenumber\' at row 1\r\n### The error may involve com.ruoyi.system.mapper.SysUserMapper.updateUser-Inline\r\n### The error occurred while setting parameters\r\n### SQL: update sys_user     SET dept_id = ?,     login_name = ?,     user_name = ?,     user_type = ?,     email = ?,     phonenumber = ?,     sex = ?,          password = ?,     salt = ?,     status = ?,     login_ip = ?,     login_date = ?,          remark = ?,     update_time = sysdate()     where user_id = ?\r\n### Cause: com.mysql.cj.jdbc.exceptions.MysqlDataTruncation: Data truncation: Data too long for column \'phonenumber\' at row 1\n; Data truncation: Data too long for column \'phonenumber\' at row 1; nested exception is com.mysql.cj.jdbc.exceptions.MysqlDataTruncation: Data truncation: Data too long for column \'phonenumber\' at row 1', '2020-09-17 11:06:15'),
(65, '个人信息', 2, 'com.ruoyi.web.controller.system.SysProfileController.update()', 'POST', 1, 'admin', '研发部门', '/system/user/profile/update', '127.0.0.1', '内网IP', '{\"id\":[\"\"],\"userName\":[\"1*1\"],\"phonenumber\":[\"88888888888888888888888\"],\"email\":[\"ry@163.com\"],\"sex\":[\"1\"]}', 'null', 1, '\r\n### Error updating database.  Cause: com.mysql.cj.jdbc.exceptions.MysqlDataTruncation: Data truncation: Data too long for column \'phonenumber\' at row 1\r\n### The error may involve com.ruoyi.system.mapper.SysUserMapper.updateUser-Inline\r\n### The error occurred while setting parameters\r\n### SQL: update sys_user     SET dept_id = ?,     login_name = ?,     user_name = ?,     user_type = ?,     email = ?,     phonenumber = ?,     sex = ?,          password = ?,     salt = ?,     status = ?,     login_ip = ?,     login_date = ?,          remark = ?,     update_time = sysdate()     where user_id = ?\r\n### Cause: com.mysql.cj.jdbc.exceptions.MysqlDataTruncation: Data truncation: Data too long for column \'phonenumber\' at row 1\n; Data truncation: Data too long for column \'phonenumber\' at row 1; nested exception is com.mysql.cj.jdbc.exceptions.MysqlDataTruncation: Data truncation: Data too long for column \'phonenumber\' at row 1', '2020-09-17 11:06:17'),
(66, '个人信息', 2, 'com.ruoyi.web.controller.system.SysProfileController.update()', 'POST', 1, 'admin', '研发部门', '/system/user/profile/update', '127.0.0.1', '内网IP', '{\"id\":[\"\"],\"userName\":[\"1*1\"],\"phonenumber\":[\"888888888888888\"],\"email\":[\"ry@163.com\"],\"sex\":[\"1\"]}', 'null', 1, '\r\n### Error updating database.  Cause: com.mysql.cj.jdbc.exceptions.MysqlDataTruncation: Data truncation: Data too long for column \'phonenumber\' at row 1\r\n### The error may involve com.ruoyi.system.mapper.SysUserMapper.updateUser-Inline\r\n### The error occurred while setting parameters\r\n### SQL: update sys_user     SET dept_id = ?,     login_name = ?,     user_name = ?,     user_type = ?,     email = ?,     phonenumber = ?,     sex = ?,          password = ?,     salt = ?,     status = ?,     login_ip = ?,     login_date = ?,          remark = ?,     update_time = sysdate()     where user_id = ?\r\n### Cause: com.mysql.cj.jdbc.exceptions.MysqlDataTruncation: Data truncation: Data too long for column \'phonenumber\' at row 1\n; Data truncation: Data too long for column \'phonenumber\' at row 1; nested exception is com.mysql.cj.jdbc.exceptions.MysqlDataTruncation: Data truncation: Data too long for column \'phonenumber\' at row 1', '2020-09-17 11:06:19'),
(67, '个人信息', 2, 'com.ruoyi.web.controller.system.SysProfileController.update()', 'POST', 1, 'admin', '研发部门', '/system/user/profile/update', '127.0.0.1', '内网IP', '{\"id\":[\"\"],\"userName\":[\"1*1\"],\"phonenumber\":[\"88888888888\"],\"email\":[\"ry@163.com\"],\"sex\":[\"1\"]}', '{\r\n  \"msg\" : \"操作成功\",\r\n  \"code\" : 0\r\n}', 0, NULL, '2020-09-17 11:06:20'),
(68, '个人信息', 2, 'com.ruoyi.web.controller.system.SysProfileController.update()', 'POST', 1, 'admin', '研发部门', '/system/user/profile/update', '127.0.0.1', '内网IP', '{\"id\":[\"\"],\"userName\":[\"1*1\"],\"phonenumber\":[\"888888888888\"],\"email\":[\"ry@163.com\"],\"sex\":[\"1\"]}', 'null', 1, '\r\n### Error updating database.  Cause: com.mysql.cj.jdbc.exceptions.MysqlDataTruncation: Data truncation: Data too long for column \'phonenumber\' at row 1\r\n### The error may involve com.ruoyi.system.mapper.SysUserMapper.updateUser-Inline\r\n### The error occurred while setting parameters\r\n### SQL: update sys_user     SET dept_id = ?,     login_name = ?,     user_name = ?,     user_type = ?,     email = ?,     phonenumber = ?,     sex = ?,          password = ?,     salt = ?,     status = ?,     login_ip = ?,     login_date = ?,          remark = ?,     update_time = sysdate()     where user_id = ?\r\n### Cause: com.mysql.cj.jdbc.exceptions.MysqlDataTruncation: Data truncation: Data too long for column \'phonenumber\' at row 1\n; Data truncation: Data too long for column \'phonenumber\' at row 1; nested exception is com.mysql.cj.jdbc.exceptions.MysqlDataTruncation: Data truncation: Data too long for column \'phonenumber\' at row 1', '2020-09-17 11:06:24'),
(69, '个人信息', 2, 'com.ruoyi.web.controller.system.SysProfileController.update()', 'POST', 1, 'admin', '研发部门', '/system/user/profile/update', '127.0.0.1', '内网IP', '{\"id\":[\"\"],\"userName\":[\"1*1\"],\"phonenumber\":[\"[[888888888888]]\"],\"email\":[\"ry@163.com\"],\"sex\":[\"1\"]}', 'null', 1, '\r\n### Error updating database.  Cause: com.mysql.cj.jdbc.exceptions.MysqlDataTruncation: Data truncation: Data too long for column \'phonenumber\' at row 1\r\n### The error may involve com.ruoyi.system.mapper.SysUserMapper.updateUser-Inline\r\n### The error occurred while setting parameters\r\n### SQL: update sys_user     SET dept_id = ?,     login_name = ?,     user_name = ?,     user_type = ?,     email = ?,     phonenumber = ?,     sex = ?,          password = ?,     salt = ?,     status = ?,     login_ip = ?,     login_date = ?,          remark = ?,     update_time = sysdate()     where user_id = ?\r\n### Cause: com.mysql.cj.jdbc.exceptions.MysqlDataTruncation: Data truncation: Data too long for column \'phonenumber\' at row 1\n; Data truncation: Data too long for column \'phonenumber\' at row 1; nested exception is com.mysql.cj.jdbc.exceptions.MysqlDataTruncation: Data truncation: Data too long for column \'phonenumber\' at row 1', '2020-09-17 11:06:35'),
(70, '个人信息', 2, 'com.ruoyi.web.controller.system.SysProfileController.update()', 'POST', 1, 'admin', '研发部门', '/system/user/profile/update', '127.0.0.1', '内网IP', '{\"id\":[\"\"],\"userName\":[\"1*1\"],\"phonenumber\":[\"[[88888888888]]\"],\"email\":[\"ry@163.com\"],\"sex\":[\"1\"]}', 'null', 1, '\r\n### Error updating database.  Cause: com.mysql.cj.jdbc.exceptions.MysqlDataTruncation: Data truncation: Data too long for column \'phonenumber\' at row 1\r\n### The error may involve com.ruoyi.system.mapper.SysUserMapper.updateUser-Inline\r\n### The error occurred while setting parameters\r\n### SQL: update sys_user     SET dept_id = ?,     login_name = ?,     user_name = ?,     user_type = ?,     email = ?,     phonenumber = ?,     sex = ?,          password = ?,     salt = ?,     status = ?,     login_ip = ?,     login_date = ?,          remark = ?,     update_time = sysdate()     where user_id = ?\r\n### Cause: com.mysql.cj.jdbc.exceptions.MysqlDataTruncation: Data truncation: Data too long for column \'phonenumber\' at row 1\n; Data truncation: Data too long for column \'phonenumber\' at row 1; nested exception is com.mysql.cj.jdbc.exceptions.MysqlDataTruncation: Data truncation: Data too long for column \'phonenumber\' at row 1', '2020-09-17 11:06:37'),
(71, '个人信息', 2, 'com.ruoyi.web.controller.system.SysProfileController.update()', 'POST', 1, 'admin', '研发部门', '/system/user/profile/update', '127.0.0.1', '内网IP', '{\"id\":[\"\"],\"userName\":[\"1*1\"],\"phonenumber\":[\"[[88888888888]]\"],\"email\":[\"ry@163.com\"],\"sex\":[\"1\"]}', 'null', 1, '\r\n### Error updating database.  Cause: com.mysql.cj.jdbc.exceptions.MysqlDataTruncation: Data truncation: Data too long for column \'phonenumber\' at row 1\r\n### The error may involve com.ruoyi.system.mapper.SysUserMapper.updateUser-Inline\r\n### The error occurred while setting parameters\r\n### SQL: update sys_user     SET dept_id = ?,     login_name = ?,     user_name = ?,     user_type = ?,     email = ?,     phonenumber = ?,     sex = ?,          password = ?,     salt = ?,     status = ?,     login_ip = ?,     login_date = ?,          remark = ?,     update_time = sysdate()     where user_id = ?\r\n### Cause: com.mysql.cj.jdbc.exceptions.MysqlDataTruncation: Data truncation: Data too long for column \'phonenumber\' at row 1\n; Data truncation: Data too long for column \'phonenumber\' at row 1; nested exception is com.mysql.cj.jdbc.exceptions.MysqlDataTruncation: Data truncation: Data too long for column \'phonenumber\' at row 1', '2020-09-17 11:06:38'),
(72, '个人信息', 2, 'com.ruoyi.web.controller.system.SysProfileController.update()', 'POST', 1, 'admin', '研发部门', '/system/user/profile/update', '127.0.0.1', '内网IP', '{\"id\":[\"\"],\"userName\":[\"1*1\"],\"phonenumber\":[\"[[88888888888]]\"],\"email\":[\"ry@163.com\"],\"sex\":[\"1\"]}', 'null', 1, '\r\n### Error updating database.  Cause: com.mysql.cj.jdbc.exceptions.MysqlDataTruncation: Data truncation: Data too long for column \'phonenumber\' at row 1\r\n### The error may involve com.ruoyi.system.mapper.SysUserMapper.updateUser-Inline\r\n### The error occurred while setting parameters\r\n### SQL: update sys_user     SET dept_id = ?,     login_name = ?,     user_name = ?,     user_type = ?,     email = ?,     phonenumber = ?,     sex = ?,          password = ?,     salt = ?,     status = ?,     login_ip = ?,     login_date = ?,          remark = ?,     update_time = sysdate()     where user_id = ?\r\n### Cause: com.mysql.cj.jdbc.exceptions.MysqlDataTruncation: Data truncation: Data too long for column \'phonenumber\' at row 1\n; Data truncation: Data too long for column \'phonenumber\' at row 1; nested exception is com.mysql.cj.jdbc.exceptions.MysqlDataTruncation: Data truncation: Data too long for column \'phonenumber\' at row 1', '2020-09-17 11:06:38'),
(73, '个人信息', 2, 'com.ruoyi.web.controller.system.SysProfileController.update()', 'POST', 1, 'admin', '研发部门', '/system/user/profile/update', '127.0.0.1', '内网IP', '{\"id\":[\"\"],\"userName\":[\"1*1\"],\"phonenumber\":[\"[[8888888888]]\"],\"email\":[\"ry@163.com\"],\"sex\":[\"1\"]}', 'null', 1, '\r\n### Error updating database.  Cause: com.mysql.cj.jdbc.exceptions.MysqlDataTruncation: Data truncation: Data too long for column \'phonenumber\' at row 1\r\n### The error may involve com.ruoyi.system.mapper.SysUserMapper.updateUser-Inline\r\n### The error occurred while setting parameters\r\n### SQL: update sys_user     SET dept_id = ?,     login_name = ?,     user_name = ?,     user_type = ?,     email = ?,     phonenumber = ?,     sex = ?,          password = ?,     salt = ?,     status = ?,     login_ip = ?,     login_date = ?,          remark = ?,     update_time = sysdate()     where user_id = ?\r\n### Cause: com.mysql.cj.jdbc.exceptions.MysqlDataTruncation: Data truncation: Data too long for column \'phonenumber\' at row 1\n; Data truncation: Data too long for column \'phonenumber\' at row 1; nested exception is com.mysql.cj.jdbc.exceptions.MysqlDataTruncation: Data truncation: Data too long for column \'phonenumber\' at row 1', '2020-09-17 11:06:39'),
(74, '个人信息', 2, 'com.ruoyi.web.controller.system.SysProfileController.update()', 'POST', 1, 'admin', '研发部门', '/system/user/profile/update', '127.0.0.1', '内网IP', '{\"id\":[\"\"],\"userName\":[\"1*1\"],\"phonenumber\":[\"[[888888888]]\"],\"email\":[\"ry@163.com\"],\"sex\":[\"1\"]}', 'null', 1, '\r\n### Error updating database.  Cause: com.mysql.cj.jdbc.exceptions.MysqlDataTruncation: Data truncation: Data too long for column \'phonenumber\' at row 1\r\n### The error may involve com.ruoyi.system.mapper.SysUserMapper.updateUser-Inline\r\n### The error occurred while setting parameters\r\n### SQL: update sys_user     SET dept_id = ?,     login_name = ?,     user_name = ?,     user_type = ?,     email = ?,     phonenumber = ?,     sex = ?,          password = ?,     salt = ?,     status = ?,     login_ip = ?,     login_date = ?,          remark = ?,     update_time = sysdate()     where user_id = ?\r\n### Cause: com.mysql.cj.jdbc.exceptions.MysqlDataTruncation: Data truncation: Data too long for column \'phonenumber\' at row 1\n; Data truncation: Data too long for column \'phonenumber\' at row 1; nested exception is com.mysql.cj.jdbc.exceptions.MysqlDataTruncation: Data truncation: Data too long for column \'phonenumber\' at row 1', '2020-09-17 11:06:39'),
(75, '个人信息', 2, 'com.ruoyi.web.controller.system.SysProfileController.update()', 'POST', 1, 'admin', '研发部门', '/system/user/profile/update', '127.0.0.1', '内网IP', '{\"id\":[\"\"],\"userName\":[\"1*1\"],\"phonenumber\":[\"[[88888888]]\"],\"email\":[\"ry@163.com\"],\"sex\":[\"1\"]}', 'null', 1, '\r\n### Error updating database.  Cause: com.mysql.cj.jdbc.exceptions.MysqlDataTruncation: Data truncation: Data too long for column \'phonenumber\' at row 1\r\n### The error may involve com.ruoyi.system.mapper.SysUserMapper.updateUser-Inline\r\n### The error occurred while setting parameters\r\n### SQL: update sys_user     SET dept_id = ?,     login_name = ?,     user_name = ?,     user_type = ?,     email = ?,     phonenumber = ?,     sex = ?,          password = ?,     salt = ?,     status = ?,     login_ip = ?,     login_date = ?,          remark = ?,     update_time = sysdate()     where user_id = ?\r\n### Cause: com.mysql.cj.jdbc.exceptions.MysqlDataTruncation: Data truncation: Data too long for column \'phonenumber\' at row 1\n; Data truncation: Data too long for column \'phonenumber\' at row 1; nested exception is com.mysql.cj.jdbc.exceptions.MysqlDataTruncation: Data truncation: Data too long for column \'phonenumber\' at row 1', '2020-09-17 11:06:40'),
(76, '个人信息', 2, 'com.ruoyi.web.controller.system.SysProfileController.update()', 'POST', 1, 'admin', '研发部门', '/system/user/profile/update', '127.0.0.1', '内网IP', '{\"id\":[\"\"],\"userName\":[\"1*1\"],\"phonenumber\":[\"[[8888888]]\"],\"email\":[\"ry@163.com\"],\"sex\":[\"1\"]}', '{\r\n  \"msg\" : \"操作成功\",\r\n  \"code\" : 0\r\n}', 0, NULL, '2020-09-17 11:06:40'),
(77, '个人信息', 2, 'com.ruoyi.web.controller.system.SysProfileController.update()', 'POST', 1, 'admin', '研发部门', '/system/user/profile/update', '127.0.0.1', '内网IP', '{\"id\":[\"\"],\"userName\":[\"1*1\"],\"phonenumber\":[\"[[8888888]]\"],\"email\":[\"ry@163.com\"],\"sex\":[\"1\"]}', '{\r\n  \"msg\" : \"操作成功\",\r\n  \"code\" : 0\r\n}', 0, NULL, '2020-09-17 11:06:41'),
(78, '个人信息', 2, 'com.ruoyi.web.controller.system.SysProfileController.update()', 'POST', 1, 'admin', '研发部门', '/system/user/profile/update', '127.0.0.1', '内网IP', '{\"id\":[\"\"],\"userName\":[\"1*1\"],\"phonenumber\":[\"[[8888888]]\"],\"email\":[\"ry@163.com\"],\"sex\":[\"1\"]}', '{\r\n  \"msg\" : \"操作成功\",\r\n  \"code\" : 0\r\n}', 0, NULL, '2020-09-17 11:06:42'),
(79, '个人信息', 2, 'com.ruoyi.web.controller.system.SysProfileController.update()', 'POST', 1, 'admin', '研发部门', '/system/user/profile/update', '127.0.0.1', '内网IP', '{\"id\":[\"\"],\"userName\":[\"1*1\"],\"phonenumber\":[\"[[8888888*1]]\"],\"email\":[\"ry@163.com\"],\"sex\":[\"1\"]}', 'null', 1, '\r\n### Error updating database.  Cause: com.mysql.cj.jdbc.exceptions.MysqlDataTruncation: Data truncation: Data too long for column \'phonenumber\' at row 1\r\n### The error may involve com.ruoyi.system.mapper.SysUserMapper.updateUser-Inline\r\n### The error occurred while setting parameters\r\n### SQL: update sys_user     SET dept_id = ?,     login_name = ?,     user_name = ?,     user_type = ?,     email = ?,     phonenumber = ?,     sex = ?,          password = ?,     salt = ?,     status = ?,     login_ip = ?,     login_date = ?,          remark = ?,     update_time = sysdate()     where user_id = ?\r\n### Cause: com.mysql.cj.jdbc.exceptions.MysqlDataTruncation: Data truncation: Data too long for column \'phonenumber\' at row 1\n; Data truncation: Data too long for column \'phonenumber\' at row 1; nested exception is com.mysql.cj.jdbc.exceptions.MysqlDataTruncation: Data truncation: Data too long for column \'phonenumber\' at row 1', '2020-09-17 11:06:53'),
(80, '个人信息', 2, 'com.ruoyi.web.controller.system.SysProfileController.update()', 'POST', 1, 'admin', '研发部门', '/system/user/profile/update', '127.0.0.1', '内网IP', '{\"id\":[\"\"],\"userName\":[\"1*1\"],\"phonenumber\":[\"[8888888*1]\"],\"email\":[\"ry@163.com\"],\"sex\":[\"1\"]}', '{\r\n  \"msg\" : \"操作成功\",\r\n  \"code\" : 0\r\n}', 0, NULL, '2020-09-17 11:07:02'),
(81, '个人信息', 2, 'com.ruoyi.web.controller.system.SysProfileController.update()', 'POST', 1, 'admin', '研发部门', '/system/user/profile/update', '127.0.0.1', '内网IP', '{\"id\":[\"\"],\"userName\":[\"1*1\"],\"phonenumber\":[\"[(1*1)]\"],\"email\":[\"ry@163.com\"],\"sex\":[\"1\"]}', '{\r\n  \"msg\" : \"操作成功\",\r\n  \"code\" : 0\r\n}', 0, NULL, '2020-09-17 11:07:43'),
(82, '个人信息', 2, 'com.ruoyi.web.controller.system.SysProfileController.update()', 'POST', 1, 'admin', '研发部门', '/system/user/profile/update', '127.0.0.1', '内网IP', '{\"id\":[\"\"],\"userName\":[\"1*1\"],\"phonenumber\":[\"[[${7*7}]]\"],\"email\":[\"ry@163.com\"],\"sex\":[\"1\"]}', '{\r\n  \"msg\" : \"操作成功\",\r\n  \"code\" : 0\r\n}', 0, NULL, '2020-09-17 11:08:02'),
(83, '个人信息', 2, 'com.ruoyi.web.controller.system.SysProfileController.update()', 'POST', 1, 'admin', '研发部门', '/system/user/profile/update', '127.0.0.1', '内网IP', '{\"id\":[\"\"],\"userName\":[\"1*1\"],\"phonenumber\":[\"#{selection.__${sel.code}__}\"],\"email\":[\"ry@163.com\"],\"sex\":[\"1\"]}', 'null', 1, '\r\n### Error updating database.  Cause: com.mysql.cj.jdbc.exceptions.MysqlDataTruncation: Data truncation: Data too long for column \'phonenumber\' at row 1\r\n### The error may involve com.ruoyi.system.mapper.SysUserMapper.updateUser-Inline\r\n### The error occurred while setting parameters\r\n### SQL: update sys_user     SET dept_id = ?,     login_name = ?,     user_name = ?,     user_type = ?,     email = ?,     phonenumber = ?,     sex = ?,          password = ?,     salt = ?,     status = ?,     login_ip = ?,     login_date = ?,          remark = ?,     update_time = sysdate()     where user_id = ?\r\n### Cause: com.mysql.cj.jdbc.exceptions.MysqlDataTruncation: Data truncation: Data too long for column \'phonenumber\' at row 1\n; Data truncation: Data too long for column \'phonenumber\' at row 1; nested exception is com.mysql.cj.jdbc.exceptions.MysqlDataTruncation: Data truncation: Data too long for column \'phonenumber\' at row 1', '2020-09-17 11:08:32'),
(84, '个人信息', 2, 'com.ruoyi.web.controller.system.SysProfileController.update()', 'POST', 1, 'admin', '研发部门', '/system/user/profile/update', '127.0.0.1', '内网IP', '{\"id\":[\"\"],\"userName\":[\"1*1\"],\"phonenumber\":[\"#{selection.__${1*1__}\"],\"email\":[\"ry@163.com\"],\"sex\":[\"1\"]}', 'null', 1, '\r\n### Error updating database.  Cause: com.mysql.cj.jdbc.exceptions.MysqlDataTruncation: Data truncation: Data too long for column \'phonenumber\' at row 1\r\n### The error may involve com.ruoyi.system.mapper.SysUserMapper.updateUser-Inline\r\n### The error occurred while setting parameters\r\n### SQL: update sys_user     SET dept_id = ?,     login_name = ?,     user_name = ?,     user_type = ?,     email = ?,     phonenumber = ?,     sex = ?,          password = ?,     salt = ?,     status = ?,     login_ip = ?,     login_date = ?,          remark = ?,     update_time = sysdate()     where user_id = ?\r\n### Cause: com.mysql.cj.jdbc.exceptions.MysqlDataTruncation: Data truncation: Data too long for column \'phonenumber\' at row 1\n; Data truncation: Data too long for column \'phonenumber\' at row 1; nested exception is com.mysql.cj.jdbc.exceptions.MysqlDataTruncation: Data truncation: Data too long for column \'phonenumber\' at row 1', '2020-09-17 11:08:39'),
(85, '个人信息', 2, 'com.ruoyi.web.controller.system.SysProfileController.update()', 'POST', 1, 'admin', '研发部门', '/system/user/profile/update', '127.0.0.1', '内网IP', '{\"id\":[\"\"],\"userName\":[\"1*1\"],\"phonenumber\":[\"#{selection.__${1*1__}\"],\"email\":[\"ry@163.com\"],\"sex\":[\"1\"]}', 'null', 1, '\r\n### Error updating database.  Cause: com.mysql.cj.jdbc.exceptions.MysqlDataTruncation: Data truncation: Data too long for column \'phonenumber\' at row 1\r\n### The error may involve com.ruoyi.system.mapper.SysUserMapper.updateUser-Inline\r\n### The error occurred while setting parameters\r\n### SQL: update sys_user     SET dept_id = ?,     login_name = ?,     user_name = ?,     user_type = ?,     email = ?,     phonenumber = ?,     sex = ?,          password = ?,     salt = ?,     status = ?,     login_ip = ?,     login_date = ?,          remark = ?,     update_time = sysdate()     where user_id = ?\r\n### Cause: com.mysql.cj.jdbc.exceptions.MysqlDataTruncation: Data truncation: Data too long for column \'phonenumber\' at row 1\n; Data truncation: Data too long for column \'phonenumber\' at row 1; nested exception is com.mysql.cj.jdbc.exceptions.MysqlDataTruncation: Data truncation: Data too long for column \'phonenumber\' at row 1', '2020-09-17 11:08:43'),
(86, '个人信息', 2, 'com.ruoyi.web.controller.system.SysProfileController.update()', 'POST', 1, 'admin', '研发部门', '/system/user/profile/update', '127.0.0.1', '内网IP', '{\"id\":[\"\"],\"userName\":[\"1*1\"],\"phonenumber\":[\"#{__${1*1__}\"],\"email\":[\"ry@163.com\"],\"sex\":[\"1\"]}', 'null', 1, '\r\n### Error updating database.  Cause: com.mysql.cj.jdbc.exceptions.MysqlDataTruncation: Data truncation: Data too long for column \'phonenumber\' at row 1\r\n### The error may involve com.ruoyi.system.mapper.SysUserMapper.updateUser-Inline\r\n### The error occurred while setting parameters\r\n### SQL: update sys_user     SET dept_id = ?,     login_name = ?,     user_name = ?,     user_type = ?,     email = ?,     phonenumber = ?,     sex = ?,          password = ?,     salt = ?,     status = ?,     login_ip = ?,     login_date = ?,          remark = ?,     update_time = sysdate()     where user_id = ?\r\n### Cause: com.mysql.cj.jdbc.exceptions.MysqlDataTruncation: Data truncation: Data too long for column \'phonenumber\' at row 1\n; Data truncation: Data too long for column \'phonenumber\' at row 1; nested exception is com.mysql.cj.jdbc.exceptions.MysqlDataTruncation: Data truncation: Data too long for column \'phonenumber\' at row 1', '2020-09-17 11:08:50'),
(87, '个人信息', 2, 'com.ruoyi.web.controller.system.SysProfileController.update()', 'POST', 1, 'admin', '研发部门', '/system/user/profile/update', '127.0.0.1', '内网IP', '{\"id\":[\"\"],\"userName\":[\"Diego\"],\"phonenumber\":[\"17172159635\"],\"email\":[\"ry@163.com\"],\"sex\":[\"1\"]}', '{\r\n  \"msg\" : \"操作成功\",\r\n  \"code\" : 0\r\n}', 0, NULL, '2020-10-10 16:11:27');

-- --------------------------------------------------------

--
-- 表的结构 `sys_post`
--

CREATE TABLE `sys_post` (
  `post_id` bigint(20) NOT NULL COMMENT '岗位ID',
  `post_code` varchar(64) COLLATE utf8_unicode_ci NOT NULL COMMENT '岗位编码',
  `post_name` varchar(50) COLLATE utf8_unicode_ci NOT NULL COMMENT '岗位名称',
  `post_sort` int(4) NOT NULL COMMENT '显示顺序',
  `status` char(1) COLLATE utf8_unicode_ci NOT NULL COMMENT '状态（0正常 1停用）',
  `create_by` varchar(64) COLLATE utf8_unicode_ci DEFAULT '' COMMENT '创建者',
  `create_time` datetime DEFAULT NULL COMMENT '创建时间',
  `update_by` varchar(64) COLLATE utf8_unicode_ci DEFAULT '' COMMENT '更新者',
  `update_time` datetime DEFAULT NULL COMMENT '更新时间',
  `remark` varchar(500) COLLATE utf8_unicode_ci DEFAULT NULL COMMENT '备注'
) ENGINE=InnoDB DEFAULT CHARSET=utf8 COLLATE=utf8_unicode_ci COMMENT='岗位信息表';

--
-- 转存表中的数据 `sys_post`
--

INSERT INTO `sys_post` (`post_id`, `post_code`, `post_name`, `post_sort`, `status`, `create_by`, `create_time`, `update_by`, `update_time`, `remark`) VALUES
(1, 'ceo', '董事长', 1, '0', 'admin', '2018-03-16 11:33:00', 'ry', '2018-03-16 11:33:00', ''),
(2, 'se', '项目经理', 2, '0', 'admin', '2018-03-16 11:33:00', 'ry', '2018-03-16 11:33:00', ''),
(3, 'hr', '人力资源', 3, '0', 'admin', '2018-03-16 11:33:00', 'ry', '2018-03-16 11:33:00', ''),
(4, 'user', '普通员工', 4, '0', 'admin', '2018-03-16 11:33:00', 'ry', '2018-03-16 11:33:00', '');

-- --------------------------------------------------------

--
-- 表的结构 `sys_role`
--

CREATE TABLE `sys_role` (
  `role_id` bigint(20) NOT NULL COMMENT '角色ID',
  `role_name` varchar(30) COLLATE utf8_unicode_ci NOT NULL COMMENT '角色名称',
  `role_key` varchar(100) COLLATE utf8_unicode_ci NOT NULL COMMENT '角色权限字符串',
  `role_sort` int(4) NOT NULL COMMENT '显示顺序',
  `data_scope` char(1) COLLATE utf8_unicode_ci DEFAULT '1' COMMENT '数据范围（1：全部数据权限 2：自定数据权限 3：本部门数据权限 4：本部门及以下数据权限）',
  `status` char(1) COLLATE utf8_unicode_ci NOT NULL COMMENT '角色状态（0正常 1停用）',
  `del_flag` char(1) COLLATE utf8_unicode_ci DEFAULT '0' COMMENT '删除标志（0代表存在 2代表删除）',
  `create_by` varchar(64) COLLATE utf8_unicode_ci DEFAULT '' COMMENT '创建者',
  `create_time` datetime DEFAULT NULL COMMENT '创建时间',
  `update_by` varchar(64) COLLATE utf8_unicode_ci DEFAULT '' COMMENT '更新者',
  `update_time` datetime DEFAULT NULL COMMENT '更新时间',
  `remark` varchar(500) COLLATE utf8_unicode_ci DEFAULT NULL COMMENT '备注'
) ENGINE=InnoDB DEFAULT CHARSET=utf8 COLLATE=utf8_unicode_ci COMMENT='角色信息表';

--
-- 转存表中的数据 `sys_role`
--

INSERT INTO `sys_role` (`role_id`, `role_name`, `role_key`, `role_sort`, `data_scope`, `status`, `del_flag`, `create_by`, `create_time`, `update_by`, `update_time`, `remark`) VALUES
(1, '超级管理员', 'admin', 1, '1', '0', '0', 'admin', '2018-03-16 11:33:00', 'ry', '2018-03-16 11:33:00', '超级管理员'),
(2, '普通角色', 'common', 2, '2', '0', '0', 'admin', '2018-03-16 11:33:00', 'ry', '2018-03-16 11:33:00', '普通角色'),
(3, 'aaa', '1*1', 1, '1', '0', '0', 'admin', '2020-09-17 10:55:05', 'admin', '2020-09-17 10:55:50', '');

-- --------------------------------------------------------

--
-- 表的结构 `sys_role_dept`
--

CREATE TABLE `sys_role_dept` (
  `role_id` bigint(20) NOT NULL COMMENT '角色ID',
  `dept_id` bigint(20) NOT NULL COMMENT '部门ID'
) ENGINE=InnoDB DEFAULT CHARSET=utf8 COLLATE=utf8_unicode_ci COMMENT='角色和部门关联表';

--
-- 转存表中的数据 `sys_role_dept`
--

INSERT INTO `sys_role_dept` (`role_id`, `dept_id`) VALUES
(2, 100),
(2, 101),
(2, 105);

-- --------------------------------------------------------

--
-- 表的结构 `sys_role_menu`
--

CREATE TABLE `sys_role_menu` (
  `role_id` bigint(20) NOT NULL COMMENT '角色ID',
  `menu_id` bigint(20) NOT NULL COMMENT '菜单ID'
) ENGINE=InnoDB DEFAULT CHARSET=utf8 COLLATE=utf8_unicode_ci COMMENT='角色和菜单关联表';

--
-- 转存表中的数据 `sys_role_menu`
--

INSERT INTO `sys_role_menu` (`role_id`, `menu_id`) VALUES
(2, 1),
(2, 2),
(2, 3),
(2, 4),
(2, 100),
(2, 101),
(2, 102),
(2, 103),
(2, 104),
(2, 105),
(2, 106),
(2, 107),
(2, 108),
(2, 109),
(2, 110),
(2, 111),
(2, 112),
(2, 113),
(2, 114),
(2, 115),
(2, 500),
(2, 501),
(2, 1000),
(2, 1001),
(2, 1002),
(2, 1003),
(2, 1004),
(2, 1005),
(2, 1006),
(2, 1007),
(2, 1008),
(2, 1009),
(2, 1010),
(2, 1011),
(2, 1012),
(2, 1013),
(2, 1014),
(2, 1015),
(2, 1016),
(2, 1017),
(2, 1018),
(2, 1019),
(2, 1020),
(2, 1021),
(2, 1022),
(2, 1023),
(2, 1024),
(2, 1025),
(2, 1026),
(2, 1027),
(2, 1028),
(2, 1029),
(2, 1030),
(2, 1031),
(2, 1032),
(2, 1033),
(2, 1034),
(2, 1035),
(2, 1036),
(2, 1037),
(2, 1038),
(2, 1039),
(2, 1040),
(2, 1041),
(2, 1042),
(2, 1043),
(2, 1044),
(2, 1045),
(2, 1046),
(2, 1047),
(2, 1048),
(2, 1049),
(2, 1050),
(2, 1051),
(2, 1052),
(2, 1053),
(2, 1054),
(2, 1055),
(2, 1056),
(2, 1057),
(2, 1058),
(2, 1059),
(2, 1060),
(2, 1061),
(3, 4);

-- --------------------------------------------------------

--
-- 表的结构 `sys_user`
--

CREATE TABLE `sys_user` (
  `user_id` bigint(20) NOT NULL COMMENT '用户ID',
  `dept_id` bigint(20) DEFAULT NULL COMMENT '部门ID',
  `login_name` varchar(30) COLLATE utf8_unicode_ci NOT NULL COMMENT '登录账号',
  `user_name` varchar(30) COLLATE utf8_unicode_ci DEFAULT '' COMMENT '用户昵称',
  `user_type` varchar(2) COLLATE utf8_unicode_ci DEFAULT '00' COMMENT '用户类型（00系统用户 01注册用户）',
  `email` varchar(50) COLLATE utf8_unicode_ci DEFAULT '' COMMENT '用户邮箱',
  `phonenumber` varchar(11) COLLATE utf8_unicode_ci DEFAULT '' COMMENT '手机号码',
  `sex` char(1) COLLATE utf8_unicode_ci DEFAULT '0' COMMENT '用户性别（0男 1女 2未知）',
  `avatar` varchar(100) COLLATE utf8_unicode_ci DEFAULT '' COMMENT '头像路径',
  `password` varchar(50) COLLATE utf8_unicode_ci DEFAULT '' COMMENT '密码',
  `salt` varchar(20) COLLATE utf8_unicode_ci DEFAULT '' COMMENT '盐加密',
  `status` char(1) COLLATE utf8_unicode_ci DEFAULT '0' COMMENT '帐号状态（0正常 1停用）',
  `del_flag` char(1) COLLATE utf8_unicode_ci DEFAULT '0' COMMENT '删除标志（0代表存在 2代表删除）',
  `login_ip` varchar(50) COLLATE utf8_unicode_ci DEFAULT '' COMMENT '最后登陆IP',
  `login_date` datetime DEFAULT NULL COMMENT '最后登陆时间',
  `create_by` varchar(64) COLLATE utf8_unicode_ci DEFAULT '' COMMENT '创建者',
  `create_time` datetime DEFAULT NULL COMMENT '创建时间',
  `update_by` varchar(64) COLLATE utf8_unicode_ci DEFAULT '' COMMENT '更新者',
  `update_time` datetime DEFAULT NULL COMMENT '更新时间',
  `remark` varchar(500) COLLATE utf8_unicode_ci DEFAULT NULL COMMENT '备注'
) ENGINE=InnoDB DEFAULT CHARSET=utf8 COLLATE=utf8_unicode_ci COMMENT='用户信息表';

--
-- 转存表中的数据 `sys_user`
--

INSERT INTO `sys_user` (`user_id`, `dept_id`, `login_name`, `user_name`, `user_type`, `email`, `phonenumber`, `sex`, `avatar`, `password`, `salt`, `status`, `del_flag`, `login_ip`, `login_date`, `create_by`, `create_time`, `update_by`, `update_time`, `remark`) VALUES
(1, 103, 'admin', 'Diego', '00', 'ry@163.com', '17172159635', '1', '', '29c67a30398638269fe600f73a054934', '111111', '0', '0', '127.0.0.1', '2020-10-10 19:38:10', 'admin', '2018-03-16 11:33:00', 'ry', '2020-10-10 19:38:09', '管理员'),
(2, 105, 'ry', '若依', '00', 'ry@qq.com', '15666666666', '1', '', '8e6d98b90472783cc73c17047ddccf36', '222222', '0', '0', '127.0.0.1', '2018-03-16 11:33:00', 'admin', '2018-03-16 11:33:00', 'ry', '2018-03-16 11:33:00', '测试员'),
(3, 103, '1*1', '1*1', '00', '8888@qq.com', '15369874259', '0', '', 'a3897e35d866562fa2604e2463a65a19', '93f001', '0', '0', '', NULL, 'admin', '2020-09-17 10:57:42', '', NULL, NULL);

-- --------------------------------------------------------

--
-- 表的结构 `sys_user_online`
--

CREATE TABLE `sys_user_online` (
  `sessionId` varchar(50) COLLATE utf8_unicode_ci NOT NULL DEFAULT '' COMMENT '用户会话id',
  `login_name` varchar(50) COLLATE utf8_unicode_ci DEFAULT '' COMMENT '登录账号',
  `dept_name` varchar(50) COLLATE utf8_unicode_ci DEFAULT '' COMMENT '部门名称',
  `ipaddr` varchar(50) COLLATE utf8_unicode_ci DEFAULT '' COMMENT '登录IP地址',
  `login_location` varchar(255) COLLATE utf8_unicode_ci DEFAULT '' COMMENT '登录地点',
  `browser` varchar(50) COLLATE utf8_unicode_ci DEFAULT '' COMMENT '浏览器类型',
  `os` varchar(50) COLLATE utf8_unicode_ci DEFAULT '' COMMENT '操作系统',
  `status` varchar(10) COLLATE utf8_unicode_ci DEFAULT '' COMMENT '在线状态on_line在线off_line离线',
  `start_timestamp` datetime DEFAULT NULL COMMENT 'session创建时间',
  `last_access_time` datetime DEFAULT NULL COMMENT 'session最后访问时间',
  `expire_time` int(5) DEFAULT '0' COMMENT '超时时间，单位为分钟'
) ENGINE=InnoDB DEFAULT CHARSET=utf8 COLLATE=utf8_unicode_ci COMMENT='在线用户记录';

--
-- 转存表中的数据 `sys_user_online`
--

INSERT INTO `sys_user_online` (`sessionId`, `login_name`, `dept_name`, `ipaddr`, `login_location`, `browser`, `os`, `status`, `start_timestamp`, `last_access_time`, `expire_time`) VALUES
('ebe5ac20-7a0b-4989-97d3-95ea823c135d', 'admin', '研发部门', '127.0.0.1', '内网IP', 'Firefox 8', 'Windows 10', 'on_line', '2020-10-10 19:38:03', '2020-10-10 19:39:44', 1800000);

-- --------------------------------------------------------

--
-- 表的结构 `sys_user_post`
--

CREATE TABLE `sys_user_post` (
  `user_id` bigint(20) NOT NULL COMMENT '用户ID',
  `post_id` bigint(20) NOT NULL COMMENT '岗位ID'
) ENGINE=InnoDB DEFAULT CHARSET=utf8 COLLATE=utf8_unicode_ci COMMENT='用户与岗位关联表';

--
-- 转存表中的数据 `sys_user_post`
--

INSERT INTO `sys_user_post` (`user_id`, `post_id`) VALUES
(1, 1),
(2, 2);

-- --------------------------------------------------------

--
-- 表的结构 `sys_user_role`
--

CREATE TABLE `sys_user_role` (
  `user_id` bigint(20) NOT NULL COMMENT '用户ID',
  `role_id` bigint(20) NOT NULL COMMENT '角色ID'
) ENGINE=InnoDB DEFAULT CHARSET=utf8 COLLATE=utf8_unicode_ci COMMENT='用户和角色关联表';

--
-- 转存表中的数据 `sys_user_role`
--

INSERT INTO `sys_user_role` (`user_id`, `role_id`) VALUES
(1, 1),
(1, 3),
(2, 2);

--
-- 转储表的索引
--

--
-- 表的索引 `gen_table`
--
ALTER TABLE `gen_table`
  ADD PRIMARY KEY (`table_id`);

--
-- 表的索引 `gen_table_column`
--
ALTER TABLE `gen_table_column`
  ADD PRIMARY KEY (`column_id`);

--
-- 表的索引 `qrtz_blob_triggers`
--
ALTER TABLE `qrtz_blob_triggers`
  ADD PRIMARY KEY (`sched_name`,`trigger_name`,`trigger_group`);

--
-- 表的索引 `qrtz_calendars`
--
ALTER TABLE `qrtz_calendars`
  ADD PRIMARY KEY (`sched_name`,`calendar_name`);

--
-- 表的索引 `qrtz_cron_triggers`
--
ALTER TABLE `qrtz_cron_triggers`
  ADD PRIMARY KEY (`sched_name`,`trigger_name`,`trigger_group`);

--
-- 表的索引 `qrtz_fired_triggers`
--
ALTER TABLE `qrtz_fired_triggers`
  ADD PRIMARY KEY (`sched_name`,`entry_id`);

--
-- 表的索引 `qrtz_job_details`
--
ALTER TABLE `qrtz_job_details`
  ADD PRIMARY KEY (`sched_name`,`job_name`,`job_group`);

--
-- 表的索引 `qrtz_locks`
--
ALTER TABLE `qrtz_locks`
  ADD PRIMARY KEY (`sched_name`,`lock_name`);

--
-- 表的索引 `qrtz_paused_trigger_grps`
--
ALTER TABLE `qrtz_paused_trigger_grps`
  ADD PRIMARY KEY (`sched_name`,`trigger_group`);

--
-- 表的索引 `qrtz_scheduler_state`
--
ALTER TABLE `qrtz_scheduler_state`
  ADD PRIMARY KEY (`sched_name`,`instance_name`);

--
-- 表的索引 `qrtz_simple_triggers`
--
ALTER TABLE `qrtz_simple_triggers`
  ADD PRIMARY KEY (`sched_name`,`trigger_name`,`trigger_group`);

--
-- 表的索引 `qrtz_simprop_triggers`
--
ALTER TABLE `qrtz_simprop_triggers`
  ADD PRIMARY KEY (`sched_name`,`trigger_name`,`trigger_group`);

--
-- 表的索引 `qrtz_triggers`
--
ALTER TABLE `qrtz_triggers`
  ADD PRIMARY KEY (`sched_name`,`trigger_name`,`trigger_group`),
  ADD KEY `sched_name` (`sched_name`,`job_name`,`job_group`);

--
-- 表的索引 `sys_config`
--
ALTER TABLE `sys_config`
  ADD PRIMARY KEY (`config_id`);

--
-- 表的索引 `sys_dept`
--
ALTER TABLE `sys_dept`
  ADD PRIMARY KEY (`dept_id`);

--
-- 表的索引 `sys_dict_data`
--
ALTER TABLE `sys_dict_data`
  ADD PRIMARY KEY (`dict_code`);

--
-- 表的索引 `sys_dict_type`
--
ALTER TABLE `sys_dict_type`
  ADD PRIMARY KEY (`dict_id`),
  ADD UNIQUE KEY `dict_type` (`dict_type`);

--
-- 表的索引 `sys_job`
--
ALTER TABLE `sys_job`
  ADD PRIMARY KEY (`job_id`,`job_name`,`job_group`);

--
-- 表的索引 `sys_job_log`
--
ALTER TABLE `sys_job_log`
  ADD PRIMARY KEY (`job_log_id`);

--
-- 表的索引 `sys_logininfor`
--
ALTER TABLE `sys_logininfor`
  ADD PRIMARY KEY (`info_id`);

--
-- 表的索引 `sys_menu`
--
ALTER TABLE `sys_menu`
  ADD PRIMARY KEY (`menu_id`);

--
-- 表的索引 `sys_notice`
--
ALTER TABLE `sys_notice`
  ADD PRIMARY KEY (`notice_id`);

--
-- 表的索引 `sys_oper_log`
--
ALTER TABLE `sys_oper_log`
  ADD PRIMARY KEY (`oper_id`);

--
-- 表的索引 `sys_post`
--
ALTER TABLE `sys_post`
  ADD PRIMARY KEY (`post_id`);

--
-- 表的索引 `sys_role`
--
ALTER TABLE `sys_role`
  ADD PRIMARY KEY (`role_id`);

--
-- 表的索引 `sys_role_dept`
--
ALTER TABLE `sys_role_dept`
  ADD PRIMARY KEY (`role_id`,`dept_id`);

--
-- 表的索引 `sys_role_menu`
--
ALTER TABLE `sys_role_menu`
  ADD PRIMARY KEY (`role_id`,`menu_id`);

--
-- 表的索引 `sys_user`
--
ALTER TABLE `sys_user`
  ADD PRIMARY KEY (`user_id`);

--
-- 表的索引 `sys_user_online`
--
ALTER TABLE `sys_user_online`
  ADD PRIMARY KEY (`sessionId`);

--
-- 表的索引 `sys_user_post`
--
ALTER TABLE `sys_user_post`
  ADD PRIMARY KEY (`user_id`,`post_id`);

--
-- 表的索引 `sys_user_role`
--
ALTER TABLE `sys_user_role`
  ADD PRIMARY KEY (`user_id`,`role_id`);

--
-- 在导出的表使用AUTO_INCREMENT
--

--
-- 使用表AUTO_INCREMENT `gen_table`
--
ALTER TABLE `gen_table`
  MODIFY `table_id` bigint(20) NOT NULL AUTO_INCREMENT COMMENT '编号';

--
-- 使用表AUTO_INCREMENT `gen_table_column`
--
ALTER TABLE `gen_table_column`
  MODIFY `column_id` bigint(20) NOT NULL AUTO_INCREMENT COMMENT '编号';

--
-- 使用表AUTO_INCREMENT `sys_config`
--
ALTER TABLE `sys_config`
  MODIFY `config_id` int(5) NOT NULL AUTO_INCREMENT COMMENT '参数主键', AUTO_INCREMENT=8;

--
-- 使用表AUTO_INCREMENT `sys_dept`
--
ALTER TABLE `sys_dept`
  MODIFY `dept_id` bigint(20) NOT NULL AUTO_INCREMENT COMMENT '部门id', AUTO_INCREMENT=110;

--
-- 使用表AUTO_INCREMENT `sys_dict_data`
--
ALTER TABLE `sys_dict_data`
  MODIFY `dict_code` bigint(20) NOT NULL AUTO_INCREMENT COMMENT '字典编码', AUTO_INCREMENT=30;

--
-- 使用表AUTO_INCREMENT `sys_dict_type`
--
ALTER TABLE `sys_dict_type`
  MODIFY `dict_id` bigint(20) NOT NULL AUTO_INCREMENT COMMENT '字典主键', AUTO_INCREMENT=11;

--
-- 使用表AUTO_INCREMENT `sys_job`
--
ALTER TABLE `sys_job`
  MODIFY `job_id` bigint(20) NOT NULL AUTO_INCREMENT COMMENT '任务ID', AUTO_INCREMENT=4;

--
-- 使用表AUTO_INCREMENT `sys_job_log`
--
ALTER TABLE `sys_job_log`
  MODIFY `job_log_id` bigint(20) NOT NULL AUTO_INCREMENT COMMENT '任务日志ID';

--
-- 使用表AUTO_INCREMENT `sys_logininfor`
--
ALTER TABLE `sys_logininfor`
  MODIFY `info_id` bigint(20) NOT NULL AUTO_INCREMENT COMMENT '访问ID', AUTO_INCREMENT=41;

--
-- 使用表AUTO_INCREMENT `sys_menu`
--
ALTER TABLE `sys_menu`
  MODIFY `menu_id` bigint(20) NOT NULL AUTO_INCREMENT COMMENT '菜单ID', AUTO_INCREMENT=1062;

--
-- 使用表AUTO_INCREMENT `sys_notice`
--
ALTER TABLE `sys_notice`
  MODIFY `notice_id` int(4) NOT NULL AUTO_INCREMENT COMMENT '公告ID', AUTO_INCREMENT=3;

--
-- 使用表AUTO_INCREMENT `sys_oper_log`
--
ALTER TABLE `sys_oper_log`
  MODIFY `oper_id` bigint(20) NOT NULL AUTO_INCREMENT COMMENT '日志主键', AUTO_INCREMENT=88;

--
-- 使用表AUTO_INCREMENT `sys_post`
--
ALTER TABLE `sys_post`
  MODIFY `post_id` bigint(20) NOT NULL AUTO_INCREMENT COMMENT '岗位ID', AUTO_INCREMENT=5;

--
-- 使用表AUTO_INCREMENT `sys_role`
--
ALTER TABLE `sys_role`
  MODIFY `role_id` bigint(20) NOT NULL AUTO_INCREMENT COMMENT '角色ID', AUTO_INCREMENT=4;

--
-- 使用表AUTO_INCREMENT `sys_user`
--
ALTER TABLE `sys_user`
  MODIFY `user_id` bigint(20) NOT NULL AUTO_INCREMENT COMMENT '用户ID', AUTO_INCREMENT=4;

--
-- 限制导出的表
--

--
-- 限制表 `qrtz_blob_triggers`
--
ALTER TABLE `qrtz_blob_triggers`
  ADD CONSTRAINT `qrtz_blob_triggers_ibfk_1` FOREIGN KEY (`sched_name`,`trigger_name`,`trigger_group`) REFERENCES `qrtz_triggers` (`sched_name`, `trigger_name`, `trigger_group`);

--
-- 限制表 `qrtz_cron_triggers`
--
ALTER TABLE `qrtz_cron_triggers`
  ADD CONSTRAINT `qrtz_cron_triggers_ibfk_1` FOREIGN KEY (`sched_name`,`trigger_name`,`trigger_group`) REFERENCES `qrtz_triggers` (`sched_name`, `trigger_name`, `trigger_group`);

--
-- 限制表 `qrtz_simple_triggers`
--
ALTER TABLE `qrtz_simple_triggers`
  ADD CONSTRAINT `qrtz_simple_triggers_ibfk_1` FOREIGN KEY (`sched_name`,`trigger_name`,`trigger_group`) REFERENCES `qrtz_triggers` (`sched_name`, `trigger_name`, `trigger_group`);

--
-- 限制表 `qrtz_simprop_triggers`
--
ALTER TABLE `qrtz_simprop_triggers`
  ADD CONSTRAINT `qrtz_simprop_triggers_ibfk_1` FOREIGN KEY (`sched_name`,`trigger_name`,`trigger_group`) REFERENCES `qrtz_triggers` (`sched_name`, `trigger_name`, `trigger_group`);

--
-- 限制表 `qrtz_triggers`
--
ALTER TABLE `qrtz_triggers`
  ADD CONSTRAINT `qrtz_triggers_ibfk_1` FOREIGN KEY (`sched_name`,`job_name`,`job_group`) REFERENCES `qrtz_job_details` (`sched_name`, `job_name`, `job_group`);
--
-- 数据库： `test`
--
CREATE DATABASE IF NOT EXISTS `test` DEFAULT CHARACTER SET utf8 COLLATE utf8_unicode_ci;
USE `test`;

-- --------------------------------------------------------

--
-- 表的结构 `123`
--

CREATE TABLE `123` (
  `id` int(11) NOT NULL
) ENGINE=MyISAM DEFAULT CHARSET=utf8 COLLATE=utf8_unicode_ci;

--
-- 转存表中的数据 `123`
--

INSERT INTO `123` (`id`) VALUES
(2147483647),
(123456),
(2147483647),
(0),
(0),
(0);

-- --------------------------------------------------------

--
-- 表的结构 `fl`ag`
--

CREATE TABLE `fl``ag` (
  `id` int(11) DEFAULT NULL
) ENGINE=MyISAM DEFAULT CHARSET=utf8 COLLATE=utf8_unicode_ci;

-- --------------------------------------------------------

--
-- 表的结构 `test1`
--

CREATE TABLE `test1` (
  `1` int(1) NOT NULL DEFAULT '0',
  `23` int(2) NOT NULL DEFAULT '0',
  `4` int(1) NOT NULL DEFAULT '0',
  `5` int(1) NOT NULL DEFAULT '0'
) ENGINE=MyISAM DEFAULT CHARSET=utf8 COLLATE=utf8_unicode_ci;

--
-- 转存表中的数据 `test1`
--

INSERT INTO `test1` (`1`, `23`, `4`, `5`) VALUES
(1, 23, 4, 5);

-- --------------------------------------------------------

--
-- 表的结构 `users`
--

CREATE TABLE `users` (
  `username` varchar(30) COLLATE utf8_unicode_ci NOT NULL,
  `password` varchar(30) COLLATE utf8_unicode_ci NOT NULL,
  `id` int(11) NOT NULL
) ENGINE=MyISAM DEFAULT CHARSET=utf8 COLLATE=utf8_unicode_ci;

--
-- 转储表的索引
--

--
-- 表的索引 `users`
--
ALTER TABLE `users`
  ADD PRIMARY KEY (`id`);

--
-- 在导出的表使用AUTO_INCREMENT
--

--
-- 使用表AUTO_INCREMENT `users`
--
ALTER TABLE `users`
  MODIFY `id` int(11) NOT NULL AUTO_INCREMENT, AUTO_INCREMENT=796;
--
-- 数据库： `tp6`
--
CREATE DATABASE IF NOT EXISTS `tp6` DEFAULT CHARACTER SET utf8 COLLATE utf8_unicode_ci;
USE `tp6`;

-- --------------------------------------------------------

--
-- 表的结构 `admin`
--

CREATE TABLE `admin` (
  `id` int(11) NOT NULL,
  `name` varchar(30) COLLATE utf8_unicode_ci DEFAULT NULL,
  `password` varchar(32) COLLATE utf8_unicode_ci DEFAULT NULL
) ENGINE=MyISAM DEFAULT CHARSET=utf8 COLLATE=utf8_unicode_ci;

--
-- 转存表中的数据 `admin`
--

INSERT INTO `admin` (`id`, `name`, `password`) VALUES
(1, 'name_your_can_not_guess', '202cb962ac59075b964b07152d234b70');

-- --------------------------------------------------------

--
-- 表的结构 `resources`
--

CREATE TABLE `resources` (
  `name` varchar(200) NOT NULL,
  `views` int(11) NOT NULL,
  `date` varchar(100) NOT NULL,
  `author` varchar(50) NOT NULL
) ENGINE=MyISAM DEFAULT CHARSET=utf8;

--
-- 转存表中的数据 `resources`
--

INSERT INTO `resources` (`name`, `views`, `date`, `author`) VALUES
('活动 | 看雪CTF 晋级赛Q1已开战，battle起来！', 110185, '2019/3/12 17:30', '127085'),
('MacOS上的堆利用', 130351, '2019/4/15 14:30', ' ChaMd5安全团队'),
('针对CVE-2018-0797 RTF样式表UAF漏洞的深入分析', 29225, '2018/4/8 12:00', ' Wayne Chin Yick Low'),
('CVE-2018-16323：如何利用 ImageMagick内存泄漏', 156982, '2018/11/22 14:30', '@ilja.bv'),
('WordPress <=5.2.3：如何查看未授权文章', 852637, '2019/11/1 10:30', '0day'),
('从WebLogic看反序列化漏洞的利用与防御', 149544, '2018/10/26 10:30', '360 CERT'),
('CVE-2018-1038: 微软TotalMeltdown漏洞分析预警', 45205, '2018/3/31 10:19', '360cert'),
('被遗漏的0day ? —APT-C-06组织另一网络武器库分析揭秘', 87943, '2018/11/13 10:02', '360核心安全'),
('CVE-2018-1270 RCE with spring-messaging分析', 1292620, '2019/12/23 16:30', 'adm1n'),
('Steam Windows客户端本地提权漏洞分析', 211915, '2019/8/26 10:35', 'amonitoring'),
('0day漏洞组合拳：详细分析一款恶意PDF样本', 66161, '2018/5/16 14:56', 'Anton Cherepanov'),
('Golang TLS双向身份认证DoS漏洞分析（CVE-2018-16875）', 160167, '2018/12/23 10:00', 'apisecurity'),
('Confluence 文件读取漏洞（CVE-2019-3394）分析', 320178, '2019/8/30 16:00', 'Badcode@知道创宇404实验室 '),
('QEMU 虚拟机逃逸漏洞分析与利用（CVE-2019-14378）', 313350, '2019/8/27 14:30', 'bi0s'),
('层出不穷的Linux本地ASLR漏洞', 502190, '2020/2/27 11:30', 'blazeinfosec'),
('Chrome 浏览器越界写漏洞分析Part 1', 378592, '2020/3/5 16:30', 'blogspot.com'),
('CVE-2019-1215：Windows内核ws2ifsl.sys中UAF漏洞分析', 1009095, '2020/1/9 16:00', 'bluefrostsecurity'),
('通过IndexedDB条件竞争实现Chrome沙箱逃逸（下）', 136680, '2019/8/13 14:30', 'bluefrostsecurity'),
('使用XPC字符串读取进程内存', 115780, '2018/7/12 14:00', 'Brandon Azad'),
('高中生，一年，从 0 到 0day 的秘密', 357835, '2019/1/18 10:30', 'ccc'),
('ParseDroid漏洞：针对Android开发者和安全分析人员', 64382, '2017/12/7 14:40', 'Check Point'),
('CVE-2019-0703根源分析', 407711, '2019/9/23 16:00', 'checkpoint'),
('如何黑掉EA游戏的所有游戏用户账号', 199852, '2019/6/28 15:30', 'checkpoint'),
('ISPsystem漏洞分析', 115223, '2019/5/5 11:00', 'checkpoint'),
('PXE Dust：Windows Servers Deployment Services漏洞分析', 139418, '2019/3/11 11:30', 'checkpoint'),
('大众&奥迪车载娱乐系统漏洞技术分析', 79451, '2018/5/8 16:00', 'computest'),
('Insomni\'hack Teaser 2018比赛Write Up：File Vault题目', 90220, '2018/1/26 11:30', 'corb3nik'),
('CVE-2019-11580：Atlassian Crowd RCE漏洞分析', 142884, '2019/7/17 15:30', 'corben'),
('解析XSLT服务器端注入攻击', 65636, '2017/11/29 16:03', 'David Turco'),
('OpenSSH用户枚举漏洞（CVE-2018-15473）分析', 1435536, '2018/8/24 15:00', 'Didier Stevens'),
('船新版本的Exchange Server提权漏洞分析', 210807, '2019/1/24 16:45', 'dirkjanm'),
('F-Secure Internet Gatekeeper堆缓冲区溢出漏洞分析', 675579, '2020/2/6 10:45', 'doyensec'),
('CVE-2019-12384：Jackson反序列化漏洞分析', 215901, '2019/7/25 11:00', 'doyensec'),
('Ruby2.X 远程代码执行漏洞分析之反序列化gadget链', 113130, '2018/11/12 11:00', 'elttam'),
('利用Marvell Avastar Wi-Fi中的漏洞远程控制设备：从零知识入门到RCE漏洞挖掘利用（下）', 126827, '2019/1/23 16:30', 'embedi'),
('利用Marvell Avastar Wi-Fi中的漏洞远程控制设备：从零知识入门到RCE漏洞挖掘利用（上）', 130464, '2019/1/22 15:36', 'embedi'),
('Avira Optimizer本地提权漏洞分析', 223473, '2019/9/3 14:00', 'enigma0x3'),
('CVE-2019-13382：SnagIt本地提权漏洞分析', 117232, '2019/7/26 16:30', 'enigma0x3'),
('Razer Synapse 3 Windows客户端本地提权漏洞分析', 100126, '2019/1/24 10:45', 'enigma0x3'),
('分析Avira VPN的两处提权漏洞', 148159, '2019/3/22 14:30', 'enigma0x3.net'),
('Ruby CVE-2017-17405漏洞深入分析：发现Ruby FTP实现中的漏洞', 40231, '2018/4/13 11:04', 'ETIENNE STALMANS'),
('针对“Huge Dirty COW” （CVE-2017–1000405）的分析', 77220, '2017/12/4 13:59', 'Eylon Ben Yaakov'),
('分析多款WordPress插件中的SQL注入漏洞', 282151, '2019/8/30 11:00', 'fortinet'),
('macOS CVE-2019-8507漏洞分析', 131182, '2019/5/13 15:30', 'fortinet'),
('如何挖掘RPC漏洞（Part 2）', 243687, '2019/4/8 10:30', 'fortinet'),
('MacOS/iOS CVE-2019-6231 漏洞深入分析', 125652, '2019/1/28 15:15', 'fortinet'),
('Magento Commerce XSS漏洞分析', 121344, '2019/1/8 14:56', 'Fortinet'),
('如何挖掘RPC漏洞（Part 1）', 194817, '2018/12/9 10:00', 'fortinet'),
('利用Ubuntu的错误报告功能实现本地提权（LPE）——Part2', 1101435, '2019/12/31 16:00', 'github'),
('GitLab：通过路径遍历搞定管理员账户', 1167471, '2019/12/5 14:30', 'gitlab'),
('刨根问底：Windows CTF协议安全性研究', 268166, '2019/8/16 11:00', 'googleprojectzero'),
('深入探索在野外发现的iOS漏洞利用链（七）', 369742, '2019/9/18 11:00', 'googleprojectzero'),
('深入探索在野外发现的iOS漏洞利用链（六）', 366574, '2019/9/17 11:15', 'googleprojectzero'),
('深入探索在野外发现的iOS漏洞利用链（五）', 350287, '2019/9/16 11:45', 'googleprojectzero'),
('深入探索在野外发现的iOS漏洞利用链（四）', 330238, '2019/9/12 10:45', 'googleprojectzero'),
('深入探索在野外发现的iOS漏洞利用链（三）', 320963, '2019/9/11 14:30', 'googleprojectzero'),
('深入探索在野外发现的iOS漏洞利用链（二）', 258332, '2019/9/10 10:30', 'googleprojectzero'),
('深入探索在野外发现的iOS漏洞利用链（一）', 294972, '2019/9/9 14:30', 'googleprojectzero'),
('刨根问底：Windows CTF协议安全性研究', 268166, '2019/8/16 11:00', 'googleprojectzero'),
('Evernote Chrome扩展漏洞分析', 131029, '2019/6/17 10:30', 'guard'),
('Apple bleee漏洞分析：每个人都知道你的iPhone上发生了什么', 286580, '2019/8/19 16:00', 'hexway'),
('Check Point ZoneAlarm反病毒软件本地提权漏洞分析', 91527, '2019/1/29 10:35', 'illumant'),
('CVE-2020-0863：Windows Diagnostic Tracking Service任意文件读取漏洞分析', 149404, '2020/3/26 15:00', 'itm4n'),
('CVE-2020-0668：Windows Service Tracing本地提权漏洞分析', 541637, '2020/2/18 9:30', 'itm4n'),
('VNC安全性分析', 1117442, '2019/12/2 10:29', 'kaspersky'),
('F-Secure反病毒软件受7-Zip漏洞影响导致远程代码执行漏洞', 41046, '2018/6/12 14:14', 'landave'),
('Microsoft Outlook UAF漏洞分析——CVE-2019-1199', 290729, '2019/8/28 10:30', 'lares'),
('CVE-2018-8495 Edge远程代码执行漏洞简要分析', 103737, '2018/10/15 15:18', 'leucosite'),
('CVE-2018-19134：通过Ghostscript中的类型混淆来远程执行代码', 118436, '2019/2/18 15:30', 'lgtm'),
('谨防Magic SpEL - Part 2（CVE-2018-1260）', 39316, '2018/6/21 16:10', 'Matt N'),
('CVE-2019-0576：分析Jet Database Engine补丁问题', 262598, '2019/8/29 14:35', 'mcafee'),
('CVE-2018-8423：Jet Database Engine漏洞分析', 115814, '2019/8/1 15:30', 'mcafee'),
('CVE-2019-19781：深入分析Citrix ADC RCE漏洞', 948057, '2020/1/13 11:00', 'mdsec'),
('对某驱动程序提权漏洞的分析', 175634, '2019/3/27 16:30', 'microsoft'),
('使用Semmle QL进行漏洞探索 Part2', 131143, '2019/3/27 14:30', 'microsoft'),
('Tomcat CVE-2018-1305 分析', 323060, '2018/2/28 12:00', 'n1nty'),
('Google Cloud Platform StackDriver中的SSRF', 1067486, '2019/12/30 10:30', 'ngailong'),
('Pulse Secure SSL VPN远程代码执行漏洞利用与分析', 271660, '2019/9/4 17:05', 'orange'),
('Fortigate SSL VPN漏洞分析', 210138, '2019/8/14 12:00', 'orange'),
('CVE-2019-16759漏洞在野利用', 626375, '2019/10/28 11:30', 'paloaltonetworks'),
('CVE-2019-0708（BlueKeep）： 利用RDP PDU将数据写入内核的3种方式', 286385, '2019/9/2 11:00', 'paloaltonetworks'),
('Ubuntu桌面版USBCreator D-Bus权限提升漏洞分析', 99267, '2019/7/15 11:00', 'paloaltonetworks'),
('Windows Error Reporting 0day漏洞分析（CVE-2019-0863）', 161177, '2019/7/3 11:30', 'paloaltonetworks'),
('Microsoft Edge CVE-2019-0539 漏洞分析与利用', 181127, '2019/3/19 16:30', 'perception-point'),
('深入分析Windows系统DHCP漏洞（CVE-2019-0726）', 161537, '2019/5/21 15:30', 'ptsecurity'),
('Exim远程命令执行漏洞分析（CVE-2019-10149）', 181442, '2019/6/10 14:30', 'qualys'),
('CVE-2018-6924：解析FreeBSD ELF 头导致内核内存泄露', 97992, '2019/7/23 16:45', 'quarkslab'),
('对Cisco (RV110,RV130,RV225) 栈溢出漏洞的分析和利用)', 410782, '2019/9/23 14:30', 'quentinkaiser'),
('Panda反病毒软件本地提权漏洞分析（CVE-2019-12042）', 173788, '2019/5/17 14:30', 'rce4fun'),
('Defcon CTF Hotel_California非预期解题思路之事务同步扩展攻击', 156487, '2019/7/4 15:30', 'ret2'),
('GeForce Experience OS 命令注入', 124372, '2019/6/10 16:00', 'rhinosecuritylabs'),
('NVIDIA任意文件写入命令执行（CVE-2019-5674）', 150839, '2019/4/1 10:30', 'rhinosecuritylabs'),
('探究利用CVE-2018-1335：Apache Tika 命令注入', 172534, '2019/3/20 16:30', 'rhinosecuritylabs'),
('Bitbucket 6.1.1：从路径遍历到远程代码执行', 228728, '2019/9/4 14:45', 'ripstech'),
('CVE-2019-12747：TYPO3 9.5.7 RCE漏洞分析', 130886, '2019/7/22 16:00', 'ripstech'),
('dotCMS 5.1.5：利用H2 SQL注入实现RCE', 148625, '2019/6/27 16:30', 'ripstech'),
('WordPress 5.1：从CSRF到RCE', 180863, '2019/3/15 11:17', 'ripstech'),
('WordPress 5.0.0远程代码执行漏洞分析', 160621, '2019/2/21 11:30', 'ripstech'),
('WordPress权限提升导致存储型XSS和对象注入漏洞分析', 140623, '2018/12/21 9:30', 'ripstech'),
('超过 1.27 亿用户的开源教育系统 Moodle 远程代码执行漏洞详情', 73106, '2018/6/14 13:57', 'Robin Peraglie'),
('CVE-2019-8790：Check Point Endpoint Security初始客户端提权漏洞分析', 236006, '2019/9/2 15:35', 'safebreach'),
('我是如何通过ASP Secrets读取获得1.7万美金奖励的', 155584, '2018/12/21 15:29', 'samcurry'),
('SonicWall SRA及SMA多个漏洞分析', 593086, '2020/2/13 10:45', 'scrt'),
('CVE-2019-5596 : FreeBSD UaF提权漏洞分析', 150982, '2019/7/18 10:30', 'secfault-security'),
('FortiClient本地提权0day漏洞分析', 130783, '2018/12/24 11:30', 'secu'),
('Chrome零日漏洞（CVE-2019-5786）分析', 230033, '2019/3/26 15:40', 'securingtomorrow.mcafee.com'),
('Gmail XSS漏洞分析', 972551, '2019/11/20 12:00', 'securitum'),
('SOHOpelessly Broken 2.0：网络访问服务中的安全漏洞分析（Part2）', 436845, '2019/9/25 10:25', 'securityevaluators'),
('SOHOpelessly Broken 2.0：网络访问服务中的安全漏洞分析（Part1）', 426980, '2019/9/24 16:30', 'securityevaluators'),
('MIMIC Defense CTF 2019 final writeup', 138898, '2019/5/30 17:34', 'seebug'),
('Java 中 RMI、JNDI、LDAP、JRMP、JMX、JMS那些事儿（上）', 1235837, '2019/12/6 14:30', 'seebug'),
('WebLogic EJBTaglibDescriptor XXE漏洞（CVE-2019-2888）分析', 830554, '2019/10/31 10:31', 'seebug'),
('PHP-fpm 远程代码执行漏洞(CVE-2019-11043)分析', 639523, '2019/10/28 15:30', 'seebug'),
('使用 Ghidra 分析 phpStudy 后门', 629061, '2019/10/23 15:00', 'seebug'),
('CVE-2019-14287（Linux sudo 漏洞）分析', 130268, '2019/10/23 14:30', 'seebug'),
('BlueKeep 漏洞利用分析', 93183, '2019/9/18 16:15', 'Seebug'),
('Webmin（CVE-2019-15107）远程代码执行漏洞之backdoor探究', 359480, '2019/8/22 17:00', 'seebug'),
('Apache Solr DataImportHandler远程代码执行漏洞(CVE-2019-0193) 分析', 173514, '2019/8/14 11:15', 'seebug'),
('CVE-2019-11229详细分析 --git config可控-RCE', 98077, '2019/7/24 14:13', 'seebug'),
('Confluence 未授权 RCE (CVE-2019-3396) 漏洞分析', 218409, '2019/4/9 17:49', 'seebug'),
('Git Submodule 漏洞(CVE-2018-17456)分析', 85087, '2018/10/15 15:30', 'Seebug'),
('rConfig v3.9.2 RCE漏洞分析', 670058, '2019/10/29 14:30', 'shells'),
('LibreNMS v1.46 远程代码执行 (CVE-2018-20434)', 122595, '2019/1/9 10:58', 'shells.systems'),
('Dirty Sock：Ubuntu提权漏洞分析', 122753, '2019/2/14 11:00', 'shenaniganslabs'),
('CVE-2019-0888：Windows ActiveX数据对象UAF漏洞分析', 128202, '2019/7/18 14:30', 'sophos'),
('对ASP.NET资源文件（.RESX）及反序列化漏洞的研究', 102363, '2018/8/8 11:00', 'Soroush Dalili'),
('Cisco Prime Infrastructure未授权远程代码执行漏洞分析', 122709, '2019/5/21 10:30', 'srcincite'),
('Foxit Reader SDK ActiveX漏洞分析', 90546, '2019/2/13 15:30', 'srcincite'),
('如何绕过Cisco WebEx Meetings Desktop App最新补丁', 113306, '2018/12/5 10:03', 'srcincite'),
('通过沙盒逃逸和内核R/W导致RCE的iOS越狱漏洞', 1109734, '2019/12/24 16:30', 'ssd-disclosure'),
('V8 Bug Hunting 之 JS 类型对象的内存布局总结', 216516, '2019/9/4 16:15', 'stankoja'),
('Exim漏洞分析及利用方法', 551160, '2019/10/12 16:00', 'synacktiv'),
('KINIBI TEE 的可信环境及相关漏洞与利用方法', 245642, '2018/12/13 16:30', 'synacktiv'),
('TP-Link TL-R600VPN远程代码执行漏洞分析', 146110, '2019/1/17 16:27', 'Talos'),
('CVE-2019-3969：Comodo沙箱逃逸提权漏洞分析', 111950, '2019/7/26 14:30', 'tenable-techblog'),
('分析多款D-Link路由器中的未授权RCE漏洞', 456145, '2019/10/8 15:17', 'Thanh Nguyen Nguyen'),
('Video Downloader（Plus）Chrome插件漏洞分析：绕过CSP实现UXSS', 123207, '2019/2/27 14:30', 'thehackerblog'),
('深入分析一个Pwn2Own的优质Webkit漏洞', 1103057, '2019/12/2 16:30', 'thezdi'),
('CVE-2019-1306：Azure DevOps RCE漏洞分析', 607099, '2019/10/28 10:30', 'thezdi'),
('对WebLogic漏洞及补丁的分析', 429403, '2019/9/23 10:30', 'thezdi'),
('分析Belkin SURF路由器中的多个漏洞', 125524, '2019/8/5 15:00', 'thezdi'),
('Drupal漏洞组合拳：通过恶意图片实现一键式RCE', 148760, '2019/4/17 11:30', 'thezdi'),
('CVE-2019-0604：一个 SharePoint 的 RCE 漏洞', 207559, '2019/3/18 16:30', 'thezdi'),
('当EL注入遇上Java反序列化', 107387, '2018/9/21 14:30', 'tint0'),
('从BinDiff到0day：IE浏览器UAF漏洞分析', 376091, '2019/9/17 10:45', 'trendmicro'),
('CVE-2019-8635：macOS提权及任意代码执行漏洞分析', 138614, '2019/6/25 10:45', 'trendmicro'),
('CVE-2019-11815：关于CVSS评分的思考', 129979, '2019/5/28 14:30', 'trendmicro'),
('CVE-2019-11270：Cloud Foundry UAA中的提权漏洞分析', 218112, '2019/8/15 10:35', 'twistlock'),
('利用VT20i的漏洞通过蓝牙远程入侵你的枪支保险箱', 44218, '2017/12/11 15:41', 'Two Six Labs'),
('IOSurfaceRootUserClient Port UAF漏洞分析', 57021, '2017/12/5 17:43', 'windknown'),
('fuzz CVE-2019-1118', 122281, '2019/7/25 14:58', 'xinali'),
('IE 11存在Double-Free漏洞导致远程代码执行（CVE-2018-8460）', 123797, '2018/10/20 10:00', 'ZDI'),
('CVE-2019-0801：Office URI超链接劫持漏洞分析', 440234, '2019/9/26 14:30', 'zerodayinitiative'),
('2019年Pwn2Own上用于攻破 VMware 的虚拟机逃逸漏洞分析', 286849, '2019/8/27 10:45', 'zerodayinitiative'),
('Firefox UAF漏洞分析', 128038, '2019/7/2 14:30', 'zerodayinitiative'),
('分析CVE-2018-8581：在Microsoft Exchange上冒充用户', 251772, '2018/12/21 14:30', 'zerodayinitiative'),
('从DirectX到Windows内核——几个CVE漏洞浅析', 133687, '2018/12/6 16:00', 'zerodayinitiative'),
('解析XP版永恒之蓝中的一个Bug', 161739, '2018/11/30 14:30', 'zerosum0x0'),
('Oracle WebLogic RCE反序列化漏洞分析', 215322, '2018/10/20 3:30', 'Zhang Zhiyi'),
('WhatsApp缓冲区溢出漏洞分析', 173581, '2019/6/18 16:00', 'zimperium'),
('Tomcat-Ajp协议漏洞分析', 519578, '2020/2/25 10:30', '安恒'),
('记一次腾讯SDK源代码审计后的CSRF攻击', 58710, '2018/3/23 15:01', '呆哥@ChaMd5'),
('独家分析：安卓“Janus”漏洞的产生原理及利用过程', 73139, '2017/12/11 16:43', '顶象技术'),
('Weblogic CVE-2018-3191分析', 219759, '2018/10/19 11:00', '廖新喜'),
('微信远程攻击面简单的研究与分析', 170638, '2020/3/23 16:45', '盘古实验室'),
('微软RDP服务高危UAF漏洞分析(CVE-2019-0708)', 212716, '2019/7/5 11:00', '天融信'),
('结合CVE-2019-1040漏洞的两种域提权利用深度分析', 246564, '2019/7/2 16:18', '天融信'),
('从高校战疫的两道kernel学习kernel', 140551, '2020/3/25 12:24', 'fasle'),
('分析BSidesSF CTF 2020中Crypto方向题目', 218572, '2020/3/18 11:00', 'fasle'),
('zer0pts CTF writeup', 214043, '2020/3/16 14:30', 'fasle'),
('活动丨i春秋趣味答题赛13日火热开启！', 29716, '2020/3/12 18:00', 'fasle'),
('从春秋公益赛babyphp学习反序列化长度逃逸', 526569, '2020/3/4 15:30', 'fasle'),
('2020-i春秋-公益CTF复盘-Pwn', 361890, '2020/3/4 15:00', 'fasle'),
('2020新春战疫网络安全公益赛部分Web Writeup', 522757, '2020/3/4 14:30', 'fasle'),
('strng2 湖湘杯 2019', 546439, '2020/2/26 16:00', 'fasle'),
('活动 |  29所高校集结 同心抗“疫”聚力网安', 37136, '2020/2/24 18:00', 'fasle'),
('2020 Codegate Web题解', 459014, '2020/2/24 10:30', 'fasle'),
('分析TetCTF 2020中Crypto方向题目', 536102, '2020/2/21 11:30', 'fasle'),
('从一道ctf题谈谈flask开启debug模式存在的安全问题', 674650, '2020/2/3 15:30', 'fasle'),
('记一次arm架构的ret to dl_resolve利用', 1016471, '2020/1/8 11:00', 'fasle'),
('分析watevrCTF 2019中Crypto方向题目', 1053897, '2020/1/3 11:30', 'fasle'),
('CTF夺旗赛活动丨网络内生安全试验场第四季答题赛盛大开启！', 51812, '2019/12/26 17:40', 'fasle'),
('QEMU-Pwn-XNUCA-2019-vexx', 1274088, '2019/12/16 10:31', 'fasle'),
('第十届SWPUCTFwriteup', 1242819, '2019/12/11 11:30', 'fasle'),
('HITCON CTF 2019 Pwn 题解', 1114124, '2019/12/3 10:30', 'fasle'),
('精彩回顾 | 2019年大学生网络安全邀请赛决赛', 151781, '2019/11/23 18:00', 'fasle'),
('How2Heap堆利用学习笔记（一）', 1057639, '2019/11/22 10:30', 'fasle'),
('活动 | D^3CTF 强势来袭，三电合璧，开战在即！', 97704, '2019/11/19 18:55', 'fasle'),
('湖湘杯2019复赛Writeup', 963108, '2019/11/14 11:30', 'fasle'),
('UNCTF Write Up', 928197, '2019/11/8 11:30', 'fasle'),
('glibc-2.29 large bin attack 原理', 774771, '2019/11/5 15:30', 'fasle'),
('Hack.luCTF-Car-repair-shop详解', 685371, '2019/10/30 16:30', 'fasle'),
('3CTF初赛题目详解（下）', 683734, '2019/10/30 14:29', 'fasle'),
('3CTF初赛题目详解（中）', 677993, '2019/10/30 12:01', 'fasle'),
('3CTF初赛题目详解（上）', 740552, '2019/10/26 11:00', 'fasle'),
('分析Teaser Dragon CTF 2019中Crypto方向题目', 670276, '2019/10/25 16:30', 'fasle'),
('Balsn CTF 2019 pwn 题解', 691108, '2019/10/24 14:30', 'fasle'),
('2019巅峰极客网络安全技能挑战赛Writewp SUS_2019', 701489, '2019/10/24 10:30', 'fasle'),
('Python pickle 反序列化实例分析', 666605, '2019/10/23 11:30', 'fasle'),
('ctf 中的病毒分析: Insomni’hack 2018 – vba03-strikeBack', 645858, '2019/10/22 16:30', 'fasle'),
('普通的内核学习手记（一）——环境搭建', 641660, '2019/10/22 11:30', 'fasle'),
('智能合约安全之闭源合约', 606327, '2019/10/22 10:30', 'fasle'),
('分析RealWorld CTF 2019中Crypto方向bank题目', 664299, '2019/10/18 16:00', 'fasle'),
('Roarctf 部分Writeup', 727954, '2019/10/18 12:00', 'fasle'),
('在PWN题中绕过lea esp以及关于Ret2dl的一些补充', 544214, '2019/10/10 11:30', 'fasle'),
('OGeek CTF 2019 线下决赛 pwn 题解', 678866, '2019/9/30 10:30', 'fasle'),
('分析N1CTF 2019中Crypto方向题目', 441253, '2019/9/25 14:30', 'fasle'),
('thinkphp v5.2.x 反序列化利用链挖掘', 478401, '2019/9/24 11:29', 'fasle'),
('RealWorld CTF2019 两道XSS-Web题解', 467571, '2019/9/24 10:30', 'fasle'),
('一道 CTF 题目学习 prctl 函数的沙箱过滤规则', 474415, '2019/9/20 15:30', 'fasle'),
('护网杯 2019 pwn flower 详解', 469790, '2019/9/19 15:30', 'fasle'),
('从一道CTF学习Fastcgi绕过姿势', 413779, '2019/9/17 16:00', 'fasle'),
('2019 Nu1Lctf by LQers', 349709, '2019/9/11 15:00', 'fasle'),
('ByteCTF 2019 WriteUp Kn0ck', 399611, '2019/9/11 11:30', 'fasle'),
('直播课活动 | CTF攻防对抗（一名比赛选手如何入门及提升）', 116826, '2019/9/10 19:00', 'fasle'),
('Toyko Western 2019 gnote 解析', 272151, '2019/9/10 14:30', 'fasle'),
('TokyoWesterns CTF 2019 格式化漏洞利用的新姿势', 288185, '2019/9/9 15:35', 'fasle'),
('Google CTF 2019 quals - Flaggy Bird 详解', 333146, '2019/9/5 15:00', 'fasle'),
('XNUCA 2019 Qualifier的两个web题目writeup', 260156, '2019/9/3 10:35', 'fasle'),
('Easy EOS from De1CTF2019（2）', 243420, '2019/8/29 10:30', 'fasle'),
('非栈上格式化字符串漏洞利用技巧', 276855, '2019/8/28 16:45', 'fasle'),
('suctf2019 BabyStack 详细分析&safeseh绕过思路&windows pwn题调试方法', 251024, '2019/8/27 15:30', 'fasle'),
('kn0ck suctf19 writeup', 263772, '2019/8/26 16:00', 'fasle'),
('深入分析CTF中的LFSR类题目（二）', 341619, '2019/8/23 11:30', 'fasle'),
('深入理解静态链接', 293436, '2019/8/21 14:35', 'fasle'),
('ret2dl_resolve解析', 274139, '2019/8/16 14:30', 'fasle'),
('Easy EOS from De1CTF2019', 166516, '2019/8/14 14:30', 'fasle'),
('ptmalloc利用之largebin attack', 127511, '2019/8/13 11:30', 'fasle'),
('babyaeg——自动化之路初探', 131722, '2019/8/9 10:30', 'fasle'),
('2019 国际赛 De1CTF DeepInReal题解', 137680, '2019/8/7 16:30', 'fasle'),
('Plaid CTF 2019 spectre write up', 115363, '2019/7/30 14:30', 'fasle'),
('深入分析CTF中的LFSR类题目（一）', 152583, '2019/7/16 11:30', 'fasle'),
('玩转Hacker101 CTF（五）', 201535, '2019/7/3 14:30', 'fasle'),
('玩转Hacker101 CTF（四）', 201152, '2019/6/27 15:30', 'fasle'),
('SCTF2019 Writeup——De1ta', 201839, '2019/6/26 11:00', 'fasle'),
('玩转Hacker101 CTF（三）', 227267, '2019/6/19 11:30', 'fasle'),
('玩转Hacker101 CTF（二）', 191597, '2019/6/18 15:00', 'fasle'),
('玩转Hacker101 CTF（一）', 248708, '2019/6/13 14:30', 'fasle'),
('Linux Kernel 初探（一）BabyKernel', 218297, '2019/5/29 11:02', 'fasle'),
('2019第三届强网杯部分WP', 310970, '2019/5/28 16:30', 'fasle'),
('DEFCON CTF Qualifier 2019 ooops Writeup', 156546, '2019/5/24 10:30', 'fasle'),
('Gr3yW0lf RCTF2019 Writeup', 165353, '2019/5/22 16:30', 'fasle'),
('RCTF2019 baby_AES 题解', 138416, '2019/5/22 16:15', 'fasle'),
('第一届HDCTF Write up', 441676, '2019/5/22 15:30', 'fasle'),
('DEFCON CTF QUALS 2019 之Hotel_California', 177639, '2019/5/21 11:00', 'fasle'),
('新解0CTF2016 zerostorage', 164868, '2019/5/17 11:30', 'fasle'),
('DDCTF2019官方Write Up——Reverse篇', 164685, '2019/5/16 10:19', 'fasle'),
('DDCTF2019官方Write Up——Web篇', 243437, '2019/5/16 10:18', 'fasle'),
('DDCTF2019官方Write Up——MISC篇', 163235, '2019/5/15 14:51', 'fasle'),
('DDCTF2019官方Write Up——Android篇', 144481, '2019/5/15 14:19', 'fasle'),
('IO FILE之fread详解', 135512, '2019/5/13 14:30', 'fasle'),
('IO FILE之fopen详解', 153416, '2019/5/10 15:30', 'fasle'),
('Canary保护详解和常用Bypass手段', 206411, '2019/5/9 16:30', 'fasle'),
('LFItoRCE利用总结', 131873, '2019/5/8 10:45', 'fasle'),
('回顾 | 去年爆燃的首届“强网”拟态防御国际精英挑战赛！', 151473, '2019/5/7 18:00', 'fasle'),
('starCTF-crypto部分', 115819, '2019/5/7 10:45', 'fasle'),
('PIE保护详解和常用bypass手段', 242823, '2019/5/6 16:30', 'fasle'),
('2019 *CTF一道题的非预期详解', 142820, '2019/5/6 11:29', 'fasle'),
('*CTF 2019国际赛安胜ISEC WriteUp', 238449, '2019/4/30 21:08', 'fasle'),
('高级ROP：Ret2dl_resolve技术详解', 243398, '2019/4/29 10:30', 'fasle'),
('从crash到getshell 0ctf2019_plang 详解', 147867, '2019/4/26 15:00', 'fasle'),
('2019全国大学生信息安全竞赛初赛 Crypto Writeup', 188802, '2019/4/25 11:30', 'fasle'),
('2019全国大学生信息安全竞赛Web Writeup', 230371, '2019/4/23 15:30', 'fasle'),
('2019全国大学生信息安全竞赛初赛pwn前四题writeup', 216830, '2019/4/23 11:30', 'fasle'),
('One_gadget和UAF结合利用堆溢出漏洞研究', 171358, '2019/4/19 11:00', 'fasle'),
('从西湖论剑2019Storm_note看largebin attack', 195868, '2019/4/10 16:45', 'fasle'),
('0CTF 2019 babyaegis writeup', 290760, '2019/3/29 11:01', 'fasle'),
('0CTF 2019 zero_task条件竞争利用', 177389, '2019/3/27 15:30', 'fasle'),
('深入浅出LD_PRELOAD & putenv()', 255117, '2019/3/27 10:14', 'fasle'),
('2019 BsidesSF straw-clucher PWN', 136578, '2019/3/20 14:30', 'fasle'),
('PWN——那些年坑过我们的数据类型', 124969, '2019/3/13 16:30', 'fasle'),
('Linux内核pwn——劫持n_tty_ops指针', 139789, '2019/3/8 10:30', 'fasle'),
('kernel pwn（0）：入门&ret2usr', 209703, '2019/3/7 16:00', 'fasle'),
('CTF萌新学做强网杯线下题secular', 124350, '2019/3/6 15:00', 'fasle'),
('从一题看C++逆向与机制', 126173, '2019/3/5 14:26', 'fasle'),
('PHP反序列化入门之寻找POP链（二）', 122943, '2019/2/27 11:35', 'fasle'),
('从一道题看imap_open() RCE', 186180, '2019/2/26 14:30', 'fasle'),
('PHP反序列化入门之寻找POP链(一)', 140098, '2019/2/26 11:00', 'fasle'),
('2019安恒2月月赛Writeip-Web&Crypto&Misc', 258392, '2019/2/25 16:00', 'fasle'),
('安恒杯2019年2月月赛pwn部分详细分析', 158972, '2019/2/25 15:30', 'fasle'),
('CTF中32位程序调用64位代码的逆向方法', 136234, '2019/2/25 14:30', 'fasle'),
('三层网络靶场搭建&MSF内网渗透', 496218, '2019/2/22 14:30', 'fasle'),
('off by null漏洞getshell示例', 128986, '2019/2/20 16:59', 'fasle'),
('HackIMshop的解析及学习', 89241, '2019/2/20 15:30', 'fasle'),
('FireShellCTF2019 babyheap 详细题解', 104163, '2019/2/18 15:00', 'fasle'),
('tcache Attack：lctf2018 easy_heap', 121191, '2019/2/15 14:30', 'fasle'),
('Nullcon2019-pwn详解', 118037, '2019/2/14 16:30', 'fasle'),
('HackIM 2019 Web记录', 208298, '2019/2/14 15:30', 'fasle'),
('fireShellCTF 2019 RE&PWN', 129402, '2019/1/30 15:30', 'fasle'),
('FireShellCTF2019 Bad Injections解题记录', 121736, '2019/1/30 12:00', 'fasle'),
('安恒月赛mycard exp编写及详细分析', 120034, '2019/1/30 10:20', 'fasle'),
('北邮中学生网安杯2019 web解题记录', 236887, '2019/1/29 15:15', 'fasle'),
('EDU-CTF Final 2018 Web小记', 140679, '2019/1/29 14:30', 'fasle'),
('pwnable.kr alloca详细分析', 122720, '2019/1/29 11:15', 'fasle'),
('第二届“华为杯”极客出发XMan冬令营“冰城”圆满落幕', 180158, '2019/1/28 17:37', 'fasle'),
('Insomni\'hack Teaser 2019-onewrite详细解析', 101447, '2019/1/28 14:30', 'fasle'),
('2019安恒1月月赛Writeip-Web&Crypto&Misc', 199640, '2019/1/27 11:00', 'fasle'),
('安恒2019一月赛二进制赛题解析', 153152, '2019/1/27 11:00', 'fasle'),
('INS hack teaser 2019 逆向题解', 155256, '2019/1/25 11:30', 'fasle'),
('hackme.inndy.tw 上的 bytebucket writeup', 103845, '2019/1/24 14:30', 'fasle'),
('35C3 Junior pwn笔记（上）', 123064, '2019/1/19 10:30', 'fasle'),
('35C3 Junior CTF WEB题解', 243381, '2019/1/2 15:30', 'fasle'),
('新手向——IO_file全流程浅析', 300757, '2018/12/29 14:30', 'fasle'),
('圣诞前夕X-MAS CTF一道有趣的web+pwn', 154114, '2018/12/29 11:30', 'fasle'),
('二向箔公开课：CTF的那些事', 135941, '2018/12/28 17:45', 'fasle'),
('2018 海南省大学生网络安全攻防竞赛部分 WriteUp', 168630, '2018/12/26 14:30', 'fasle'),
('第九届SWPUCTF官方writeup', 332470, '2018/12/20 15:34', 'fasle'),
('SWPUCTF2018-WEB&MISC Write Up', 199045, '2018/12/20 11:45', 'fasle'),
('Blockchain CTF v2 write up', 155695, '2018/12/18 11:30', 'fasle'),
('Fastbin Attack之雷霆万钧：0ctf2017 babyheap', 161924, '2018/12/17 15:45', 'fasle'),
('鹏城杯线下部分pwn题详解', 143900, '2018/12/14 10:30', 'fasle'),
('湖南第二届大学生网络安全技能竞赛web解题记录', 151689, '2018/12/13 10:30', 'fasle'),
('精彩回顾 | 首届Real World 国际CTF大赛圆满落幕', 156600, '2018/12/3 17:30', 'fasle'),
('2018年“柏鹭杯”大学生网络空间安全精英赛落幕！安胜见证他们的荣耀！', 276045, '2018/11/27 17:45', 'fasle'),
('2018X-nuca Neural Network详解', 116268, '2018/11/26 16:00', 'fasle'),
('2018安恒杯11月赛-Web&Crypto题解', 272809, '2018/11/26 10:02', 'fasle'),
('通过一道pwn题探究_IO_FILE结构攻击利用', 157854, '2018/11/21 14:14', 'fasle'),
('对文件上传的一些思考和总结', 224711, '2018/11/20 16:05', 'fasle'),
('2018湖湘杯复赛-WriteUp', 283217, '2018/11/19 11:38', 'fasle'),
('session_start()&bestphp', 184646, '2018/11/19 9:39', 'fasle'),
('CTF pwn 中最通俗易懂的堆入坑指南', 1108568, '2018/11/15 14:00', 'fasle'),
('一题三解之2018HCTF&admin', 243984, '2018/11/13 10:30', 'fasle'),
('鹏城杯网络安全竞赛启动报名', 120937, '2018/11/12 17:05', 'fasle'),
('HCTF2018-WEB-详细Write up', 192076, '2018/11/12 16:16', 'fasle'),
('HCTF-xor_game&the_end详细WP', 181606, '2018/11/12 16:00', 'fasle'),
('用sqlmap解题2018HCTF-Kzone', 193610, '2018/11/12 14:59', 'fasle'),
('从HCTF两道Web题谈谈flask客户端session机制', 220291, '2018/11/12 14:20', 'fasle'),
('SQL注入的两个小Trick与总结', 182196, '2018/10/31 11:30', 'fasle'),
('实战double free和unlink漏洞:0CTF2015 freenote', 128727, '2018/10/31 10:00', 'fasle'),
('关于One-line-php-challenge的思考', 133144, '2018/10/25 16:30', 'fasle'),
('一道无线流量题目引发的思考', 176435, '2018/10/24 16:00', 'fasle'),
('2018护网杯calendar详析', 161794, '2018/10/21 10:00', 'fasle'),
('命令执行与代码执行的小结', 201758, '2018/10/20 9:30', 'fasle'),
('picoCTFのpwn解析', 211500, '2018/10/16 16:30', 'fasle'),
('2018护网杯-web部分题解', 256835, '2018/10/14 11:11', 'fasle'),
('小记一类ctf密码题解题思路', 213140, '2018/10/11 14:30', 'fasle'),
('2018安恒杯 - 9月月赛Writeup', 348195, '2018/9/24 10:00', 'fasle'),
('JarvisOJ All Pwn Writeup', 235285, '2018/9/22 10:00', 'fasle'),
('2018-noxCTF-Web 解析', 113264, '2018/9/12 14:30', 'fasle'),
('TokyoWestern CTF WriteUp by r3kapig', 94172, '2018/9/5 14:30', 'fasle'),
('从网鼎杯(第四场)的两题MIPS PWN谈起', 76547, '2018/9/5 11:30', 'fasle'),
('Codefest2018 writeup', 104492, '2018/9/4 16:30', 'fasle'),
('一次网络流量分析引发的思考', 305939, '2018/9/3 16:30', 'fasle'),
('从一道题看cbc攻击-HITCONCTF2017-SecretServer', 98766, '2018/8/31 14:30', 'fasle'),
('从一道Crypto题目认识z3', 95846, '2018/8/22 14:30', 'fasle'),
('安恒杯月赛丨打破虚拟的边界，跟hacker们来场真正的较量！', 245776, '2018/8/17 17:30', 'fasle'),
('TJCTF 2018 Pwn_Re专题全解析', 207047, '2018/8/16 14:30', 'fasle'),
('TJCTF 2018 Web专题全解析', 181287, '2018/8/16 11:30', 'fasle'),
('从CTF题目中发现的CS：GO RCE 0day漏洞', 98393, '2018/8/14 10:14', 'fasle'),
('金融业网络安全攻防大赛部分题目writeup', 139647, '2018/8/12 14:30', 'fasle'),
('CTF题思考之这题真的做不了吗？', 221823, '2018/8/11 14:30', 'fasle'),
('CTF题目思考--极限利用', 299853, '2018/8/9 16:30', 'fasle'),
('capture the ether write up(Lotteries Accounts and Miscellaneous)', 95933, '2018/8/6 15:00', 'fasle'),
('capture the ether write up(warmup and Math)', 222066, '2018/8/3 16:00', 'fasle'),
('2018RealWorld-Web', 136326, '2018/7/31 15:00', 'fasle'),
('ISITDTU CTF 2018 部分Web题目Writeup', 167670, '2018/7/30 15:00', 'fasle'),
('从几道CTF题看SOAP安全问题', 179727, '2018/7/27 16:00', 'fasle'),
('Real World CTF | Hack The Real，鏖战在即！', 117239, '2018/7/19 18:00', 'fasle'),
('CTF-PWN | pwnable.tw前六题题解', 1238225, '2018/7/3 14:00', 'fasle'),
('360强势助力赛客夏令营 ----大咖、证书、就业、礼品等福利应有尽有', 53734, '2018/6/24 18:00', 'fasle'),
('扔个骰子学v8 - 从Plaid CTF roll a d8开始', 106766, '2018/6/15 15:45', 'fasle'),
('ISCC2018线上赛之Web搅屎', 97589, '2018/6/14 17:30', 'fasle'),
('CBC字节翻转攻击', 58307, '2018/6/12 16:00', 'fasle'),
('CTF中格式化字符串漏洞快速利用', 106694, '2018/6/11 19:10', 'fasle'),
('全国大学生信息安全竞赛半决赛西北赛区 pwn题writeup', 66336, '2018/6/11 15:03', 'fasle'),
('SUCTF WriteUP', 178264, '2018/5/29 15:00', 'fasle'),
('2018西普杯全国高校信息安全铁人三项大赛-河南赛区个人赛题解', 64553, '2018/5/11 15:14', 'fasle'),
('禁用import的情况下绕过python沙箱', 99818, '2018/5/7 14:00', 'fasle'),
('线下AD&代码审计&ECShop V2.7.3', 49181, '2018/5/4 15:00', 'fasle'),
('CTF线下赛AWD代码审计—flasky', 77312, '2018/4/25 15:02', 'fasle'),
('0CTF 2018 BabyStack', 58057, '2018/4/20 14:00', 'fasle'),
('第二届强网杯线下赛新技术分享', 135308, '2018/4/19 17:01', 'fasle'),
('从0CTF一道题看move_uploaded_file的一个细节问题', 66178, '2018/4/17 11:49', 'fasle'),
('一道pwn题带来的新思路 — 从unsorted bin attack 到 large bin attack', 61769, '2018/3/29 15:00', 'fasle'),
('ringzer0team.com JS系列题解', 87776, '2018/2/12 12:04', 'fasle'),
('Chrome漏洞调试笔记3-CVE-2020-6418', 100889, '2020/3/27 15:00', 'fasle'),
('Jackson-databind JDNI利用链黑名单更新漏洞修复通告', 22968, '2020/3/27 14:30', 'fasle'),
('CVE-2020-8647分析', 157187, '2020/3/26 11:30', 'fasle'),
('Chakra漏洞调试笔记6-从补丁分析到发现0day', 150192, '2020/3/25 10:41', 'fasle'),
('WordpPress ThemeREX Addons 插件安全漏洞深度分析', 147420, '2020/3/23 11:00', 'fasle'),
('招聘 | 360CERT 高级安全研究员 人才招聘', 67838, '2020/3/19 18:30', 'fasle'),
('CVE-2020-10189 Zoho ManageEngine反序列化远程代码执行', 263486, '2020/3/19 12:00', 'fasle'),
('CVE-2020-0601 ECC证书欺骗漏洞分析', 196597, '2020/3/19 11:00', 'fasle'),
('Chakra漏洞（CVE-2018-8266）漏洞分析', 232797, '2020/3/18 16:45', 'fasle'),
('通达OA未授权任意文件上传及文件包含导致远程代码执行漏洞', 67657, '2020/3/18 16:30', 'fasle'),
('QEMU 虚拟机逃逸漏洞分析（CVE-2019-15890）', 240325, '2020/3/18 15:31', 'fasle'),
('漫谈WebLogic CVE-2020-2551', 217427, '2020/3/16 17:29', 'fasle'),
('记CVE-2020-5840发现过程', 190271, '2020/3/16 11:30', 'fasle'),
('一个存在了17年的漏洞—pppd 栈溢出（cve-2020-8597）漏洞分析', 382009, '2020/3/12 17:29', 'fasle'),
('CVE-2020-1947：Apache ShardingSphere远程代码执行漏洞', 334053, '2020/3/11 10:30', 'fasle'),
('教你一步一步构造CVE-2020-2555 POC', 365914, '2020/3/10 14:30', 'fasle'),
('CVE-2020-2555：Oracle Coherence&WebLogic反序列化远程代码执行分析', 326411, '2020/3/9 15:00', 'fasle'),
('CVE-2020-2555：Oracle Coherence&WebLogic反序列化远程代码执行漏洞', 50780, '2020/3/9 11:30', 'fasle'),
('CVE-2019-18683 linux v4l2 漏洞分析', 392416, '2020/3/6 16:30', 'fasle'),
('WebLogic CVE-2020-2551漏洞分析', 348418, '2020/3/4 10:30', 'fasle'),
('看我如何挖掘Weblogic XXE', 418013, '2020/3/3 16:00', 'fasle'),
('CVE-2020-0688的武器化与.net反序列化漏洞那些事', 406449, '2020/3/3 15:30', 'fasle'),
('Mikrotik Chimay-Red 分析', 386706, '2020/3/3 15:00', 'fasle'),
('CVE-2020-9546/7/8：FasterXML/jackson-databind 远程代码执行漏洞处置通告', 60974, '2020/3/3 10:31', 'fasle'),
('CVE-2020-0688 Exchange 远程代码执行分析', 393783, '2020/3/2 11:30', 'fasle'),
('CVE-2020-0688：Exchange Server使用固定加密密钥远程代码执行漏洞修复通告', 75088, '2020/2/27 11:00', 'fasle'),
('WebLogic WLS核心组件RCE分析（CVE-2020-2551）', 572764, '2020/2/26 10:15', 'fasle'),
('CVE-2020-8840：FasterXML/jackson-databind 远程代码执行漏洞处置通告', 64715, '2020/2/23 23:23', 'fasle'),
('CVE-2020-1938 : Tomcat-Ajp 协议漏洞分析', 634331, '2020/2/21 17:35', 'fasle'),
('CVE-2020-1938：Apache Tomcat服务器任意文件读取/包含漏洞通告', 144268, '2020/2/21 10:15', 'fasle'),
('CVE-2020-0618 : SQL Server Reporting Services RCE漏洞处置通告', 91359, '2020/2/17 17:00', 'fasle'),
('CVE-2019-17564 : Apache Dubbo反序列化漏洞处置通告', 135258, '2020/2/14 18:00', 'fasle'),
('CVE-2019-18634 sudo 提权漏洞分析', 617991, '2020/2/11 16:00', 'fasle'),
('安卓漏洞 CVE 2017-13287 复现分析', 676884, '2020/2/7 10:30', 'fasle'),
('对Avira VPN权限提升漏洞的分析及存疑', 643413, '2020/2/4 16:30', 'fasle'),
('Chrome漏洞调试笔记2-CVE-2019-0808', 684713, '2020/2/4 15:30', 'fasle'),
('qemu-pwn-cve-2015-7504堆溢出漏洞分析', 661744, '2020/2/3 16:30', 'fasle'),
('qemu-pwn-cve-2015-5165信息泄露漏洞分析', 679580, '2020/2/2 16:00', 'fasle'),
('qemu-pwn-cve-2019-6778堆溢出漏洞分析', 684441, '2020/2/1 14:30', 'fasle'),
('Java代码审计之入门篇（一）', 703766, '2020/2/1 11:30', 'fasle'),
('Weblogic IIOP反序列化漏洞（CVE-2020-2551） 漏洞分析', 870624, '2020/1/31 11:30', 'fasle'),
('CVE-2020-0601漏洞分析', 1099976, '2020/1/21 11:00', 'fasle'),
('CVE-2020-5398 Spring MVC/Spring WebFlux header导致的RFD攻击风险通告', 64048, '2020/1/17 18:15', 'fasle'),
('CVE-2020-0601 Windows CryptoAPI验证绕过漏洞原理简要分析', 930577, '2020/1/17 11:30', 'fasle'),
('ThinkPHP6.0任意文件创建分析', 947912, '2020/1/15 11:30', 'fasle'),
('嵌入式浏览器安全之网易云音乐RCE漏洞分析', 964646, '2020/1/14 16:30', 'fasle'),
('招聘 | 360 混天零实验室多种岗位期待你的加入！', 144159, '2020/1/2 18:00', 'fasle'),
('Django重置密码漏洞（CVE-2019-19844）复现和分析', 1108529, '2019/12/31 11:30', 'fasle'),
('Chimay-Red：RouterOS Integer Overflow Analysis', 1083917, '2019/12/25 10:30', 'fasle'),
('CVE-2019-5096：GoAhead远程代码执行漏洞分析', 1242844, '2019/12/5 18:44', 'fasle'),
('Apache Solr 之JMX远程代码漏洞分析', 49866, '2019/12/3 11:30', 'fasle'),
('PTRACE_TRACEME CVE-2019-13272 本地提权漏洞解析', 1118600, '2019/11/29 14:30', 'fasle'),
('Shiro 721 Padding Oracle攻击漏洞分析', 943229, '2019/11/19 15:30', 'fasle'),
('CVE-2015-0057：从Windows内核UAF到内核桌面堆分配', 905421, '2019/11/19 11:30', 'fasle'),
('文件解压引发的getshell', 1002784, '2019/11/15 14:30', 'fasle'),
('CVE-2019-11043 调试复现与分析', 936691, '2019/11/14 16:30', 'fasle'),
('跟小黑学漏洞利用开发之SEH溢出', 923950, '2019/11/14 15:35', 'fasle'),
('看我如何发现NVIDIA GeForce Experience代码执行漏洞', 903319, '2019/11/12 11:30', 'fasle'),
('IE漏洞学习笔记（二）：UAF释放后重用', 869563, '2019/11/11 16:30', 'fasle'),
('Visual Studio Code本地代码执行漏洞(CVE-2019-1414)', 894243, '2019/11/8 10:45', 'fasle'),
('CVE-2019-12527：Squid缓冲区溢出漏洞利用分析', 900608, '2019/11/7 16:12', 'fasle'),
('新手向——CVE-2017-11176漏洞分析（下）', 860621, '2019/11/7 11:00', 'fasle'),
('新手向——CVE-2017-11176漏洞分析（上）', 783317, '2019/11/6 11:30', 'fasle'),
('WebLogic 反序列化漏洞（CVE-2019-2890）分析', 876491, '2019/11/1 16:30', 'fasle'),
('CVE-2019-15846：Exim远程获取root权限漏洞分析', 814447, '2019/10/31 11:50', 'fasle'),
('TinkcmfX 前台任意代码执行分析', 656288, '2019/10/29 11:30', 'fasle'),
('【缺陷周话】第55期：返回值未初始化', 509856, '2019/10/16 12:00', 'fasle'),
('CVE-2019-0547 Windows DHCP Client 代码执行漏洞分析', 579023, '2019/10/14 14:30', 'fasle'),
('Chakra漏洞调试笔记4——Array OOB', 676966, '2019/9/30 16:30', 'fasle'),
('CVE-2018-8631 IE jscript JsArrayFunctionHeapSort 堆溢出漏洞分析', 666668, '2019/9/30 11:30', 'fasle'),
('CVE-2019-0708 metasploit EXP分析', 447617, '2019/9/16 22:03', 'fasle'),
('FastJson拒绝服务漏洞分析', 418897, '2019/9/6 14:05', 'fasle'),
('MyBB <= 1.8.20：从存储型XSS到RCE漏洞深度分析', 342620, '2019/9/5 10:45', 'fasle'),
('vivetok 摄像头远程栈溢出漏洞分析', 286594, '2019/8/30 14:30', 'fasle'),
('Laravel由destrcuct引起的两处反序列化RCE分析', 337101, '2019/8/23 14:30', 'fasle'),
('Webmin远程命令执行漏洞(CVE-2019-15107)深入分析', 440051, '2019/8/21 15:30', 'fasle'),
('【缺陷周话】第48期：动态解析代码', 289061, '2019/8/19 18:00', 'fasle'),
('【缺陷周话】第47期：参数未初始化', 243283, '2019/8/15 17:15', 'fasle'),
('Chakra漏洞调试笔记3——MissingValue', 246445, '2019/8/15 13:31', 'fasle'),
('针对DSLR的勒索软件攻击研究', 221276, '2019/8/15 11:30', 'fasle'),
('路由器漏洞挖掘之 TEW_645TR_1.12 sql 注入分析', 133531, '2019/8/13 15:45', 'fasle'),
('CVE-2019-13272  \'PTRACE_TRACEME\' 本地提权漏洞分析（二）', 156675, '2019/8/8 11:00', 'fasle'),
('CVE-2019-13272  \'PTRACE_TRACEME\' 本地提权漏洞分析（一）', 147158, '2019/8/7 11:30', 'fasle'),
('CVE-2018-8639分析与复现', 124159, '2019/8/7 10:45', 'fasle'),
('【缺陷周话】第46期：邮件服务器建立未加密的连接', 102919, '2019/8/6 12:00', 'fasle'),
('Typo3 CVE-2019-12747 反序列化漏洞分析', 125876, '2019/8/2 17:00', 'fasle'),
('最新fastjson反序列化漏洞分析', 164108, '2019/8/2 11:30', 'fasle'),
('凡诺企业网站管理系统V3.0代码审计', 179454, '2019/8/1 14:30', 'fasle'),
('浅谈Asp.net代码审计之会议室预定系统Book3.0SQL注入（二）', 131972, '2019/7/30 15:45', 'fasle'),
('【缺陷周话】第45期：进程控制', 99278, '2019/7/30 10:31', 'fasle'),
('【缺陷周话】第44期：Spring Boot 配置错误：不安全的 Actuator', 108275, '2019/7/25 10:30', 'fasle'),
('【缺陷周话】第43期：不当的函数地址使用', 110815, '2019/7/16 15:30', 'fasle'),
('Discuz ML! V3.X 代码注入漏洞深度分析', 211517, '2019/7/12 16:30', 'fasle'),
('Fastjson <=1.2.47 远程代码执行漏洞分析', 477574, '2019/7/12 12:24', 'fasle'),
('【缺陷周话】第42期：Cookie: 未经过 SSL 加密', 205242, '2019/7/8 16:45', 'fasle'),
('【缺陷周话】第41期：忽略返回值', 149058, '2019/7/1 16:36', 'fasle'),
('【缺陷周话】第40期：JSON 注入', 206599, '2019/6/24 16:45', 'fasle'),
('【缺陷周话】第39期：解引用未初始化的指针', 129470, '2019/6/17 18:01', 'fasle'),
('Vim任意代码执行漏洞(CVE-2019-12735)', 196809, '2019/6/17 15:00', 'fasle'),
('对疑似CVE-2016-0189原始攻击样本的调试', 150648, '2019/6/13 15:30', 'fasle'),
('【缺陷周话】第38期：不安全的反序列化：XStream', 139595, '2019/6/11 10:30', 'fasle'),
('细说CVE-2010-2883从原理分析到样本构造', 166823, '2019/6/6 11:00', 'fasle'),
('【缺陷周话】第37期：未初始化值用于赋值操作', 114526, '2019/6/3 11:00', 'fasle'),
('招聘 | 奇安信集团观星实验室招聘安全研究员（JAVA漏洞挖掘方向）', 164120, '2019/5/28 17:30', 'fasle'),
('【缺陷周话】第36期：弱验证', 126284, '2019/5/28 15:00', 'fasle'),
('【缺陷周话】第35期：除数为零', 125065, '2019/5/20 15:41', 'fasle'),
('路由器漏洞挖掘之 DIR-850/645 命令执行漏洞复现', 156504, '2019/5/20 14:30', 'fasle'),
('WordPress Social Warfare插件远程代码执行漏洞深度分析', 182678, '2019/5/17 16:45', 'fasle'),
('PCMan\'s FTP 漏洞（CVE-2013-4730）详细复现调试过程与exp构造', 117813, '2019/5/15 15:02', 'fasle'),
('【缺陷周话】第34期：重定向', 146364, '2019/5/13 16:00', 'fasle'),
('PDF漏洞（CVE-2018-12794）浅析', 162459, '2019/5/9 10:30', 'fasle'),
('【缺陷周话】第33期：错误的资源关闭', 113759, '2019/5/7 11:30', 'fasle'),
('【缺陷周话】第32期：弱加密', 174002, '2019/4/30 10:30', 'fasle'),
('Weblogic反序列化远程代码执行漏洞（CVE-2019-2725）分析报告', 672347, '2019/4/28 10:57', 'fasle'),
('jQuery CVE-2019-11358 原型污染漏洞分析和修复建议', 196544, '2019/4/23 17:59', 'fasle'),
('【缺陷周话】第31期：错误的内存释放方法', 117062, '2019/4/22 15:30', 'fasle'),
('Confluence 路径穿越漏洞分析（CVE-2019-3398）', 181651, '2019/4/19 18:20', 'fasle'),
('新手向———内核调试（上）', 266420, '2019/4/18 16:30', 'fasle'),
('.NET高级代码审计（第十一课） LosFormatter反序列化漏洞', 167075, '2019/4/18 10:11', 'fasle'),
('.NET高级代码审计（第十课） ObjectStateFormatter反序列化漏洞', 146253, '2019/4/17 10:00', 'fasle'),
('.NET高级代码审计（第九课） BinaryFormatter反序列化漏洞', 143188, '2019/4/16 10:00', 'fasle'),
('【缺陷周话】第30期：不安全的哈希算法', 122495, '2019/4/15 11:30', 'fasle'),
('.NET高级代码审计（第八课）SoapFormatter反序列化漏洞', 132502, '2019/4/15 10:01', 'fasle'),
('.NET高级代码审计（第七课） NetDataContractSerializer反序列化漏洞', 173620, '2019/4/11 10:43', 'fasle'),
('CVE-2019-2444漏洞利用及相关攻击链介绍', 179229, '2019/4/9 15:22', 'fasle'),
('【缺陷周话】第29期：返回栈地址', 170706, '2019/4/8 15:00', 'fasle'),
('metinfo 6.2.0最新版本前台注入分析', 173288, '2019/4/2 12:00', 'fasle'),
('.NET高级代码审计（第六课） DataContractSerializer反序列化漏洞', 212066, '2019/4/2 10:00', 'fasle'),
('路由器漏洞挖掘之 DIR-805L 越权文件读取漏洞分析', 164520, '2019/4/1 14:30', 'fasle'),
('【缺陷周话】第28期：被污染的内存分配', 127335, '2019/4/1 11:30', 'fasle'),
('Office文件格式基础知识（1）', 349830, '2019/3/29 11:30', 'fasle'),
('ColdFusion FlashGateway 反序列化漏洞分析', 137530, '2019/3/27 11:27', 'fasle'),
('详解Laravel 5.8 SQL注入漏洞', 285203, '2019/3/26 11:29', 'fasle'),
('【缺陷周话】第27期：不安全的随机数', 167449, '2019/3/26 10:30', 'fasle'),
('.NET高级代码审计（第四课） JavaScriptSerializer反序列化漏洞', 184076, '2019/3/20 10:06', 'fasle'),
('独角兽暑期训练营 | 某网红打印机安全分析（下）', 163902, '2019/3/19 10:57', 'fasle'),
('独角兽暑期训练营 | 某网红打印机安全分析（上）', 188824, '2019/3/19 10:31', 'fasle'),
('【缺陷周话】第26期：被污染的格式化字符串', 104657, '2019/3/18 12:30', 'fasle'),
('Metinfo 6.1.3 XSS漏洞分析', 171257, '2019/3/15 11:30', 'fasle'),
('CVE-2019-9213——linux内核用户空间0虚拟地址映射漏洞分析', 150341, '2019/3/14 18:56', 'fasle'),
('TLB 缓存延迟刷新漏洞 CVE-2018-18281 解析', 137621, '2019/3/14 17:03', 'fasle'),
('CVE-2018-8550分析与复现', 115598, '2019/3/14 14:30', 'fasle'),
('.NET高级代码审计（第三课）Fastjson反序列化漏洞', 147228, '2019/3/13 10:00', 'fasle'),
('【缺陷周话】第25期：硬编码密码', 139537, '2019/3/12 10:30', 'fasle'),
('.NET高级代码审计（第二课） Json.Net反序列化漏洞', 208657, '2019/3/11 10:01', 'fasle'),
('Jenkins RCE分析（CVE-2018-1000861分析）', 147564, '2019/3/6 16:36', 'fasle'),
('.NET高级代码审计（第一课）XmlSerializer反序列化漏洞', 210007, '2019/3/6 10:03', 'fasle'),
('【缺陷周话】第24期：在 scanf 函数中没有对 %s 格式符进行宽度限制', 103463, '2019/3/5 10:30', 'fasle'),
('Pwn FruitShop的故事（下）', 103757, '2019/2/27 16:30', 'fasle'),
('Pwn FruitShop的故事（上）', 99933, '2019/2/27 12:00', 'fasle'),
('【缺陷周话】第23期：双重检查锁定', 89777, '2019/2/26 10:00', 'fasle'),
('Drupal SA-CORE-2019-003 远程命令执行分析', 131233, '2019/2/22 11:30', 'fasle'),
('类型混淆漏洞实例浅析', 98205, '2019/2/21 16:30', 'fasle'),
('【缺陷周话】第22期：错误的内存释放对象', 88995, '2019/2/18 18:34', 'fasle'),
('Typora XSS 到 RCE (上)', 134575, '2019/2/18 14:35', 'fasle'),
('Nexus Repository Manager 3 远程代码执行漏洞 (CVE-2019-7238) 分析及利用', 301526, '2019/2/18 12:16', 'fasle'),
('VBScript in 2018', 154720, '2019/2/14 17:15', 'fasle'),
('CVE-2019-5736：runc容器逃逸漏洞预警', 199831, '2019/2/12 9:37', 'fasle'),
('360代码卫士助D-LINK修复多个高危漏洞附技术分析', 111146, '2019/1/29 16:30', 'fasle'),
('【缺陷周话】第20期：无符号整数回绕', 97185, '2019/1/28 15:27', 'fasle'),
('Code Blocks 17.12 Local Buffer Overflow分析', 110468, '2019/1/24 15:00', 'fasle'),
('【缺陷周话】第19期：LDAP 注入', 129521, '2019/1/22 11:30', 'fasle'),
('Ectouch2.0 分析代码审计流程 (三) Xss And Csrf', 113126, '2019/1/21 14:30', 'fasle'),
('【缺陷周话】第18期：XPath 注入', 109604, '2019/1/14 15:15', 'fasle'),
('公链安全之比特币任意盗币漏洞浅析(CVE-2010-5141)', 123108, '2019/1/11 14:25', 'fasle'),
('尝试进行RPC漏洞挖掘', 194632, '2019/1/10 10:23', 'fasle'),
('【缺陷周话】第17期：有符号整数溢出', 110012, '2019/1/8 17:24', 'fasle'),
('【缺陷周话】第16期：资源未释放：流', 226534, '2019/1/2 10:30', 'fasle'),
('IE11 CVE-2017-0037 Type Confusion分析', 259751, '2018/12/31 10:00', 'fasle'),
('CVE-2018-15982漏洞详细分析', 177469, '2018/12/27 10:25', 'fasle'),
('【缺陷周话】第15期——资源未释放：文件', 98618, '2018/12/25 16:28', 'fasle'),
('认识二进制安全与漏洞攻防技术  （Windows平台）', 406128, '2018/12/20 14:30', 'fasle'),
('PHP-escapeshell-命令执行', 176931, '2018/12/18 16:30', 'fasle'),
('【缺陷周话】第14期：HTTP 响应截断', 123721, '2018/12/17 17:22', 'fasle'),
('【缺陷周话】第13期：二次释放', 114223, '2018/12/11 10:02', 'fasle'),
('CoolPlayer bypass DEP(CVE-2008-3408)分析', 112012, '2018/12/8 10:00', 'fasle'),
('PbootCMS v1.3.2命令执行和SQL注入漏洞', 219777, '2018/12/4 16:20', 'fasle'),
('【缺陷周话】第12期：存储型 XSS', 121350, '2018/12/4 10:13', 'fasle'),
('Linux kernel 4.20 BPF 整数溢出-堆溢出漏洞及其利用', 156779, '2018/11/29 16:09', 'fasle'),
('tcpdump 4.5.1 crash 深入分析', 128765, '2018/11/29 11:30', 'fasle'),
('部分中间件漏洞总结', 184462, '2018/11/28 10:28', 'fasle'),
('Windows VBScript引擎远程执行代码漏洞 之CVE-2018-8373分析与复现', 124836, '2018/11/27 15:35', 'fasle'),
('【缺陷周话】第11期：释放后使用（UAF）', 119653, '2018/11/26 15:29', 'fasle'),
('【缺陷周话】第10期：反射型 XSS', 146418, '2018/11/20 11:20', 'fasle'),
('VBScript引擎远程代码执行漏洞之CVE-2018-8174分析与利用（更新）', 136511, '2018/11/16 14:30', 'fasle'),
('活动 | 破壳学院《代码审计7天体验营》', 133899, '2018/11/15 17:29', 'fasle'),
('漏洞预警 | Adobe ColdFusion远程命令执行漏洞预警（CVE-2018-15961）', 129457, '2018/11/14 10:00', 'fasle'),
('【缺陷周话】第9期：缓冲区下溢', 98191, '2018/11/12 15:32', 'fasle'),
('疑似“Group 123” APT团伙利用HWP软件未公开漏洞的定向攻击分析', 154307, '2018/11/8 13:56', 'fasle'),
('CVE-2018-4407 XNU内核漏洞详细分析', 145248, '2018/11/7 10:44', 'fasle'),
('Gogs 远程命令执行漏洞分析', 535133, '2018/11/6 10:05', 'fasle'),
('【缺陷周话】第8期：路径遍历', 124179, '2018/11/5 15:34', 'fasle'),
('CVE-2018-15454 Cisco ASA及FTD软件拒绝服务漏洞', 79615, '2018/11/2 10:28', 'fasle'),
('对某HWP漏洞样本的分析', 135626, '2018/11/1 11:30', 'fasle'),
('漏洞预警 | 组件漏洞可能影响257万IOT设备（CVE-2018-18778）', 127500, '2018/10/31 15:22', 'fasle'),
('【缺陷周话】第 7 期 ：缓冲区上溢', 93384, '2018/10/29 17:00', 'fasle'),
('漏洞预警 | D-Link多型号路由器任意文件下载漏洞（CVE-2018-10822）', 122569, '2018/10/23 16:34', 'fasle'),
('深挖CVE-2018-10933（libssh服务端校验绕过）兼谈软件供应链真实威胁', 135381, '2018/10/23 15:37', 'fasle'),
('深入分析MikroTik RouterOS CVE-2018-14847 & Get bash shell', 161344, '2018/10/23 9:00', 'fasle'),
('【缺陷周话】第6期：命令注入', 120208, '2018/10/22 17:04', 'fasle'),
('CVE-2018-3211：Java Usage Tracker本地提权漏洞分析', 59074, '2018/10/18 16:30', 'fasle'),
('libssh CVE-2018-10933 身份验证绕过漏洞分析报告', 181248, '2018/10/18 10:00', 'fasle'),
('EOS DApp 充值“假通知”漏洞简析', 102691, '2018/10/16 16:21', 'fasle'),
('Foxit Reader多个UAF漏洞解析', 46086, '2018/10/10 15:26', 'fasle'),
('禅道pms-路由及漏洞分析', 150642, '2018/9/25 14:30', 'fasle'),
('Symanctec Management Agent（Altiris）权限提升漏洞（CVE-2018-5240）', 79315, '2018/9/14 12:39', 'fasle'),
('深入解析CVE-2018-5002漏洞利用技术', 95923, '2018/9/11 15:00', 'fasle'),
('Chakra OP_NewScObjArray Type Confusion远程代码执行漏洞分析与利用', 107084, '2018/9/4 14:30', 'fasle'),
('Docker for Windows本地提权漏洞分析与利用', 100699, '2018/9/4 10:00', 'fasle'),
('Wemo Insight 智能插座缓冲区溢出漏洞及其利用分析', 11588819, '2018/8/29 10:00', 'fasle'),
('Node.js 反序列化远程代码执行分析', 126939, '2018/8/28 16:30', 'fasle'),
('Struts2-057/CVE-2018-11776两个版本RCE漏洞分析（含EXP）', 287999, '2018/8/24 18:49', 'fasle'),
('CVE-2018-8414：SettingContent-ms文件任意代码执行漏洞及在野攻击分析', 168548, '2018/8/24 14:12', 'fasle'),
('如何利用Microsoft.Workflow.Comiler.exe执行未签名的任意代码', 74580, '2018/8/24 11:30', 'fasle'),
('S2-057漏洞原作者自述：如何利用自动化工具发现5个RCE', 200636, '2018/8/23 12:00', 'fasle'),
('UEditor编辑器两个版本任意文件上传漏洞分析', 193069, '2018/8/22 18:58', 'fasle'),
('利用CVE-2018-8373 0day漏洞的攻击与Darkhotel团伙相关的分析', 125024, '2018/8/17 14:30', 'fasle'),
('Blackhat议题解读 | 赢得ASR奖励计划历史最高奖金的漏洞利用链', 104430, '2018/8/14 16:40', 'fasle'),
('从CTF题目中发现的CS：GO RCE 0day漏洞', 98393, '2018/8/14 10:14', 'fasle'),
('EOS官方API中Asset结构体的乘法运算溢出漏洞描述', 87828, '2018/8/8 19:15', 'fasle'),
('MP4v2视频库漏洞分析', 90490, '2018/8/7 16:30', 'fasle'),
('Linux 内核提权 CVE-2018-13405 分析', 181924, '2018/7/31 16:30', 'fasle'),
('Jenkins 任意文件读取漏洞分析', 218626, '2018/7/27 13:00', 'fasle'),
('WebLogic 两处任意文件上传漏洞动态分析（CVE-2018-2894）', 367143, '2018/7/25 10:30', 'fasle'),
('OneThink1.0文件缓存漏洞分析及题目复现', 189164, '2018/7/24 14:00', 'fasle'),
('SAML 漏洞的发现与利用', 74576, '2018/7/20 16:00', 'fasle'),
('Play框架任意文件读取漏洞', 109099, '2018/7/20 15:25', 'fasle'),
('转载 | WebLogic任意文件上传漏洞复现与分析 - CVE-2018-2894', 122416, '2018/7/19 18:35', 'fasle'),
('如何使用 IDAPython 寻找漏洞', 148438, '2018/7/18 16:30', 'fasle'),
('DHCP客户端脚本代码执行漏洞分析（CVE-2018-1111）', 87946, '2018/7/18 14:00', 'fasle'),
('iOS 表情符号拒绝服务漏洞详情披露(CVE-2018-4290)', 121665, '2018/7/12 13:00', 'fasle'),
('分析微软Edge浏览器Chakra引擎中的UAF漏洞（CVE-2018-0946）', 48832, '2018/7/6 14:00', 'fasle'),
('Furbo 宠物智能喂食器可导致用户被窥视的漏洞分析', 46182, '2018/6/21 15:05', 'fasle'),
('谨防Magic SpEL - Part 1(CVE-2018-1273)', 56022, '2018/6/20 16:29', 'fasle'),
('如何在开发中避免远程命令执行漏洞的一些思考以及相关漏洞分析', 103382, '2018/5/31 11:15', 'fasle'),
('CVE-2018-4990 Adobe Reader  代码执行漏洞利用分析', 40085, '2018/5/25 19:02', 'fasle'),
('Nagios XI多个漏洞分析预警', 69534, '2018/5/18 10:39', 'fasle'),
('使用CVE-2018-8897在ring0层执行任意代码', 68542, '2018/5/17 16:57', 'fasle'),
('EFAIL: PGP/GPG 和 S/MIME漏洞分析', 58639, '2018/5/16 10:40', 'fasle'),
('GPON Home Gateway 远程命令执行漏洞被利用情况', 48137, '2018/5/15 17:06', 'fasle'),
('CVE-2018-8174：IE最新漏洞分析', 126580, '2018/5/10 11:58', 'fasle'),
('Windows内核漏洞分析：CVE-2018-0744', 40048, '2018/5/9 16:00', 'fasle'),
('对 UAF 漏洞 CVE-2016-0167 的分析和利用', 72805, '2018/5/9 12:00', 'fasle'),
('CVE-2018-10561/62: GPON光纤路由器漏洞分析预警', 127944, '2018/5/3 21:00', 'fasle'),
('Android内核漏洞调试：编译android4.4.4源码和内核', 55240, '2018/4/26 16:30', 'fasle'),
('CVE-2018-1270 RCE分析', 45972, '2018/4/24 15:00', 'fasle'),
('linux内核漏洞调试：配置双机调试环境', 67463, '2018/4/24 11:00', 'fasle'),
('ThinkPHP 框架SQL注入技术分析', 69987, '2018/4/23 13:25', 'fasle'),
('CVE-2018-0171 Cisco Smart Install远程代码执行漏洞分析', 63940, '2018/4/19 15:00', 'fasle'),
('记录强网杯2018一道内核pwn的解题思路', 72149, '2018/4/18 12:00', 'fasle'),
('从0CTF一道题看move_uploaded_file的一个细节问题', 66178, '2018/4/17 11:49', 'fasle'),
('CVE-2017-10271 Weblogic XMLDecoder反序化分析', 105825, '2018/4/2 11:00', 'fasle'),
('从 CVE-2017-0263 漏洞分析到菜单管理组件（下）', 64659, '2018/3/27 16:00', 'fasle'),
('从 CVE-2017-0263 漏洞分析到菜单管理组件（上）', 60303, '2018/3/26 16:12', 'fasle'),
('深入分析 CVE-2018-1045 MSA-18-0004', 70976, '2018/2/1 14:00', 'fasle'),
('CVE-2017-8570首次公开的野外样本及漏洞分析', 75462, '2018/1/30 11:35', 'fasle'),
('Apktool未正确解析XML导致的XXE漏洞分析', 76475, '2017/12/7 15:55', 'fasle'),
('macOS root账户登录凭据验证错误（CVE-2017-13872）漏洞分析', 61966, '2017/12/1 17:24', 'fasle');

-- --------------------------------------------------------

--
-- 表的结构 `users`
--

CREATE TABLE `users` (
  `id` int(11) NOT NULL,
  `name` varchar(30) COLLATE utf8_unicode_ci DEFAULT NULL,
  `password` varchar(32) COLLATE utf8_unicode_ci DEFAULT NULL
) ENGINE=MyISAM DEFAULT CHARSET=utf8 COLLATE=utf8_unicode_ci;

--
-- 转存表中的数据 `users`
--

INSERT INTO `users` (`id`, `name`, `password`) VALUES
(1, 'Diego', '202cb962ac59075b964b07152d234b70');

--
-- 转储表的索引
--

--
-- 表的索引 `admin`
--
ALTER TABLE `admin`
  ADD PRIMARY KEY (`id`);

--
-- 表的索引 `users`
--
ALTER TABLE `users`
  ADD PRIMARY KEY (`id`);

--
-- 在导出的表使用AUTO_INCREMENT
--

--
-- 使用表AUTO_INCREMENT `admin`
--
ALTER TABLE `admin`
  MODIFY `id` int(11) NOT NULL AUTO_INCREMENT, AUTO_INCREMENT=2;

--
-- 使用表AUTO_INCREMENT `users`
--
ALTER TABLE `users`
  MODIFY `id` int(11) NOT NULL AUTO_INCREMENT, AUTO_INCREMENT=6;
COMMIT;

/*!40101 SET CHARACTER_SET_CLIENT=@OLD_CHARACTER_SET_CLIENT */;
/*!40101 SET CHARACTER_SET_RESULTS=@OLD_CHARACTER_SET_RESULTS */;
/*!40101 SET COLLATION_CONNECTION=@OLD_COLLATION_CONNECTION */;
